event_id,event_type,event_start,event_end
load_deviation_20260202,load_deviation,2026-02-02,2026-02-02
price_spike_20260202_000,price_spike,2026-02-02,2026-02-02
price_spike_20260202_001,price_spike,2026-02-02,2026-02-02
price_spike_20260202_002,price_spike,2026-02-02,2026-02-02
price_spike_20260202_003,price_spike,2026-02-02,2026-02-02
price_spike_20260202_004,price_spike,2026-02-02,2026-02-02
price_spike_20260202_005,price_spike,2026-02-02,2026-02-02
price_spike_20260202_006,price_spike,2026-02-02,2026-02-02
price_spike_20260202_007,price_spike,2026-02-02,2026-02-02
price_spike_20260202_008,price_spike,2026-02-02,2026-02-02
price_spike_20260202_009,price_spike,2026-02-02,2026-02-02
price_spike_20260202_010,price_spike,2026-02-02,2026-02-02
price_spike_20260202_011,price_spike,2026-02-02,2026-02-02
price_spike_20260202_012,price_spike,2026-02-02,2026-02-02
price_spike_20260202_013,price_spike,2026-02-02,2026-02-02
price_spike_20260202_014,price_spike,2026-02-02,2026-02-02
price_spike_20260202_015,price_spike,2026-02-02,2026-02-02
price_spike_20260202_016,price_spike,2026-02-02,2026-02-02
price_spike_20260202_017,price_spike,2026-02-02,2026-02-02
price_spike_20260202_018,price_spike,2026-02-02,2026-02-02
price_spike_20260202_019,price_spike,2026-02-02,2026-02-02
price_spike_20260202_020,price_spike,2026-02-02,2026-02-02
price_spike_20260202_021,price_spike,2026-02-02,2026-02-02
price_spike_20260202_022,price_spike,2026-02-02,2026-02-02
price_spike_20260202_023,price_spike,2026-02-02,2026-02-02
price_spike_20260202_024,price_spike,2026-02-02,2026-02-02
price_spike_20260202_025,price_spike,2026-02-02,2026-02-02
price_spike_20260202_026,price_spike,2026-02-02,2026-02-02
price_spike_20260202_027,price_spike,2026-02-02,2026-02-02
price_spike_20260202_028,price_spike,2026-02-02,2026-02-02
price_spike_20260202_029,price_spike,2026-02-02,2026-02-02
price_spike_20260202_030,price_spike,2026-02-02,2026-02-02
price_spike_20260202_031,price_spike,2026-02-02,2026-02-02
price_spike_20260202_032,price_spike,2026-02-02,2026-02-02
price_spike_20260202_033,price_spike,2026-02-02,2026-02-02
price_spike_20260202_034,price_spike,2026-02-02,2026-02-02
price_spike_20260202_035,price_spike,2026-02-02,2026-02-02
price_spike_20260202_036,price_spike,2026-02-02,2026-02-02
price_spike_20260202_037,price_spike,2026-02-02,2026-02-02
price_spike_20260202_038,price_spike,2026-02-02,2026-02-02
price_spike_20260202_039,price_spike,2026-02-02,2026-02-02
price_spike_20260202_040,price_spike,2026-02-02,2026-02-02
price_spike_20260202_041,price_spike,2026-02-02,2026-02-02
price_spike_20260202_042,price_spike,2026-02-02,2026-02-02
price_spike_20260202_043,price_spike,2026-02-02,2026-02-02
price_spike_20260202_044,price_spike,2026-02-02,2026-02-02
price_spike_20260202_045,price_spike,2026-02-02,2026-02-02
price_spike_20260202_046,price_spike,2026-02-02,2026-02-02
price_spike_20260202_047,price_spike,2026-02-02,2026-02-02
price_spike_20260202_048,price_spike,2026-02-02,2026-02-02
price_spike_20260202_049,price_spike,2026-02-02,2026-02-02
price_spike_20260202_050,price_spike,2026-02-02,2026-02-02
price_spike_20260202_051,price_spike,2026-02-02,2026-02-02
price_spike_20260202_052,price_spike,2026-02-02,2026-02-02
price_spike_20260202_053,price_spike,2026-02-02,2026-02-02
price_spike_20260202_054,price_spike,2026-02-02,2026-02-02
price_spike_20260202_055,price_spike,2026-02-02,2026-02-02
price_spike_20260202_056,price_spike,2026-02-02,2026-02-02
price_spike_20260202_057,price_spike,2026-02-02,2026-02-02
price_spike_20260202_058,price_spike,2026-02-02,2026-02-02
price_spike_20260202_059,price_spike,2026-02-02,2026-02-02
price_spike_20260202_060,price_spike,2026-02-02,2026-02-02
price_spike_20260202_061,price_spike,2026-02-02,2026-02-02
price_spike_20260202_062,price_spike,2026-02-02,2026-02-02
price_spike_20260202_063,price_spike,2026-02-02,2026-02-02
price_spike_20260202_064,price_spike,2026-02-02,2026-02-02
price_spike_20260202_065,price_spike,2026-02-02,2026-02-02
price_spike_20260202_066,price_spike,2026-02-02,2026-02-02
price_spike_20260202_067,price_spike,2026-02-02,2026-02-02
price_spike_20260202_068,price_spike,2026-02-02,2026-02-02
price_spike_20260202_069,price_spike,2026-02-02,2026-02-02
price_spike_20260202_070,price_spike,2026-02-02,2026-02-02
price_spike_20260202_071,price_spike,2026-02-02,2026-02-02
price_spike_20260202_072,price_spike,2026-02-02,2026-02-02
price_spike_20260202_073,price_spike,2026-02-02,2026-02-02
price_spike_20260202_074,price_spike,2026-02-02,2026-02-02
price_spike_20260202_075,price_spike,2026-02-02,2026-02-02
price_spike_20260202_076,price_spike,2026-02-02,2026-02-02
price_spike_20260202_077,price_spike,2026-02-02,2026-02-02
price_spike_20260202_078,price_spike,2026-02-02,2026-02-02
price_spike_20260202_079,price_spike,2026-02-02,2026-02-02
price_spike_20260202_080,price_spike,2026-02-02,2026-02-02
price_spike_20260202_081,price_spike,2026-02-02,2026-02-02
price_spike_20260202_082,price_spike,2026-02-02,2026-02-02
price_spike_20260202_083,price_spike,2026-02-02,2026-02-02
price_spike_20260202_084,price_spike,2026-02-02,2026-02-02
price_spike_20260202_085,price_spike,2026-02-02,2026-02-02
price_spike_20260202_086,price_spike,2026-02-02,2026-02-02
price_spike_20260202_087,price_spike,2026-02-02,2026-02-02
price_spike_20260202_088,price_spike,2026-02-02,2026-02-02
price_spike_20260202_089,price_spike,2026-02-02,2026-02-02
price_spike_20260202_090,price_spike,2026-02-02,2026-02-02
price_spike_20260202_091,price_spike,2026-02-02,2026-02-02
price_spike_20260202_092,price_spike,2026-02-02,2026-02-02
price_spike_20260202_093,price_spike,2026-02-02,2026-02-02
price_spike_20260202_094,price_spike,2026-02-02,2026-02-02
price_spike_20260202_095,price_spike,2026-02-02,2026-02-02
price_spike_20260202_096,price_spike,2026-02-02,2026-02-02
price_spike_20260202_097,price_spike,2026-02-02,2026-02-02
price_spike_20260202_098,price_spike,2026-02-02,2026-02-02
price_spike_20260202_099,price_spike,2026-02-02,2026-02-02
price_spike_20260202_100,price_spike,2026-02-02,2026-02-02
price_spike_20260202_101,price_spike,2026-02-02,2026-02-02
price_spike_20260202_102,price_spike,2026-02-02,2026-02-02
price_spike_20260202_103,price_spike,2026-02-02,2026-02-02
price_spike_20260202_104,price_spike,2026-02-02,2026-02-02
price_spike_20260202_105,price_spike,2026-02-02,2026-02-02
price_spike_20260202_106,price_spike,2026-02-02,2026-02-02
price_spike_20260202_107,price_spike,2026-02-02,2026-02-02
price_spike_20260202_108,price_spike,2026-02-02,2026-02-02
price_spike_20260202_109,price_spike,2026-02-02,2026-02-02
price_spike_20260202_110,price_spike,2026-02-02,2026-02-02
price_spike_20260202_111,price_spike,2026-02-02,2026-02-02
price_spike_20260202_112,price_spike,2026-02-02,2026-02-02
price_spike_20260202_113,price_spike,2026-02-02,2026-02-02
price_spike_20260202_114,price_spike,2026-02-02,2026-02-02
price_spike_20260202_115,price_spike,2026-02-02,2026-02-02
price_spike_20260202_116,price_spike,2026-02-02,2026-02-02
price_spike_20260202_117,price_spike,2026-02-02,2026-02-02
price_spike_20260202_118,price_spike,2026-02-02,2026-02-02
price_spike_20260202_119,price_spike,2026-02-02,2026-02-02
price_spike_20260202_120,price_spike,2026-02-02,2026-02-02
price_spike_20260202_121,price_spike,2026-02-02,2026-02-02
price_spike_20260202_122,price_spike,2026-02-02,2026-02-02
price_spike_20260202_123,price_spike,2026-02-02,2026-02-02
price_spike_20260202_124,price_spike,2026-02-02,2026-02-02
price_spike_20260202_125,price_spike,2026-02-02,2026-02-02
price_spike_20260202_126,price_spike,2026-02-02,2026-02-02
price_spike_20260202_127,price_spike,2026-02-02,2026-02-02
price_spike_20260202_128,price_spike,2026-02-02,2026-02-02
price_spike_20260202_129,price_spike,2026-02-02,2026-02-02
price_spike_20260202_130,price_spike,2026-02-02,2026-02-02
price_spike_20260202_131,price_spike,2026-02-02,2026-02-02
price_spike_20260202_132,price_spike,2026-02-02,2026-02-02
price_spike_20260202_133,price_spike,2026-02-02,2026-02-02
price_spike_20260202_134,price_spike,2026-02-02,2026-02-02
price_spike_20260202_135,price_spike,2026-02-02,2026-02-02
price_spike_20260202_136,price_spike,2026-02-02,2026-02-02
price_spike_20260202_137,price_spike,2026-02-02,2026-02-02
price_spike_20260202_138,price_spike,2026-02-02,2026-02-02
price_spike_20260202_139,price_spike,2026-02-02,2026-02-02
price_spike_20260202_140,price_spike,2026-02-02,2026-02-02
price_spike_20260202_141,price_spike,2026-02-02,2026-02-02
price_spike_20260202_142,price_spike,2026-02-02,2026-02-02
price_spike_20260202_143,price_spike,2026-02-02,2026-02-02
price_spike_20260202_144,price_spike,2026-02-02,2026-02-02
price_spike_20260202_145,price_spike,2026-02-02,2026-02-02
price_spike_20260202_146,price_spike,2026-02-02,2026-02-02
price_spike_20260202_147,price_spike,2026-02-02,2026-02-02
price_spike_20260202_148,price_spike,2026-02-02,2026-02-02
price_spike_20260202_149,price_spike,2026-02-02,2026-02-02
price_spike_20260202_150,price_spike,2026-02-02,2026-02-02
price_spike_20260202_151,price_spike,2026-02-02,2026-02-02
price_spike_20260202_152,price_spike,2026-02-02,2026-02-02
price_spike_20260202_153,price_spike,2026-02-02,2026-02-02
price_spike_20260202_154,price_spike,2026-02-02,2026-02-02
price_spike_20260202_155,price_spike,2026-02-02,2026-02-02
price_spike_20260202_156,price_spike,2026-02-02,2026-02-02
price_spike_20260202_157,price_spike,2026-02-02,2026-02-02
price_spike_20260202_158,price_spike,2026-02-02,2026-02-02
price_spike_20260202_159,price_spike,2026-02-02,2026-02-02
price_spike_20260202_160,price_spike,2026-02-02,2026-02-02
price_spike_20260202_161,price_spike,2026-02-02,2026-02-02
price_spike_20260202_162,price_spike,2026-02-02,2026-02-02
price_spike_20260202_163,price_spike,2026-02-02,2026-02-02
price_spike_20260202_164,price_spike,2026-02-02,2026-02-02
price_spike_20260202_165,price_spike,2026-02-02,2026-02-02
price_spike_20260202_166,price_spike,2026-02-02,2026-02-02
price_spike_20260202_167,price_spike,2026-02-02,2026-02-02
price_spike_20260202_168,price_spike,2026-02-02,2026-02-02
price_spike_20260202_169,price_spike,2026-02-02,2026-02-02
price_spike_20260202_170,price_spike,2026-02-02,2026-02-02
price_spike_20260202_171,price_spike,2026-02-02,2026-02-02
price_spike_20260202_172,price_spike,2026-02-02,2026-02-02
price_spike_20260202_173,price_spike,2026-02-02,2026-02-02
price_spike_20260202_174,price_spike,2026-02-02,2026-02-02
price_spike_20260202_175,price_spike,2026-02-02,2026-02-02
price_spike_20260202_176,price_spike,2026-02-02,2026-02-02
price_spike_20260202_177,price_spike,2026-02-02,2026-02-02
price_spike_20260202_178,price_spike,2026-02-02,2026-02-02
price_spike_20260202_179,price_spike,2026-02-02,2026-02-02
price_spike_20260202_180,price_spike,2026-02-02,2026-02-02
price_spike_20260202_181,price_spike,2026-02-02,2026-02-02
price_spike_20260202_182,price_spike,2026-02-02,2026-02-02
price_spike_20260202_183,price_spike,2026-02-02,2026-02-02
price_spike_20260202_184,price_spike,2026-02-02,2026-02-02
price_spike_20260202_185,price_spike,2026-02-02,2026-02-02
price_spike_20260202_186,price_spike,2026-02-02,2026-02-02
price_spike_20260202_187,price_spike,2026-02-02,2026-02-02
price_spike_20260202_188,price_spike,2026-02-02,2026-02-02
price_spike_20260202_189,price_spike,2026-02-02,2026-02-02
price_spike_20260202_190,price_spike,2026-02-02,2026-02-02
price_spike_20260202_191,price_spike,2026-02-02,2026-02-02
price_spike_20260202_288,price_spike,2026-02-02,2026-02-02
price_spike_20260202_289,price_spike,2026-02-02,2026-02-02
price_spike_20260202_290,price_spike,2026-02-02,2026-02-02
price_spike_20260202_291,price_spike,2026-02-02,2026-02-02
price_spike_20260202_292,price_spike,2026-02-02,2026-02-02
price_spike_20260202_293,price_spike,2026-02-02,2026-02-02
price_spike_20260202_294,price_spike,2026-02-02,2026-02-02
price_spike_20260202_295,price_spike,2026-02-02,2026-02-02
price_spike_20260202_296,price_spike,2026-02-02,2026-02-02
price_spike_20260202_297,price_spike,2026-02-02,2026-02-02
price_spike_20260202_298,price_spike,2026-02-02,2026-02-02
price_spike_20260202_299,price_spike,2026-02-02,2026-02-02
price_spike_20260202_300,price_spike,2026-02-02,2026-02-02
price_spike_20260202_301,price_spike,2026-02-02,2026-02-02
price_spike_20260202_302,price_spike,2026-02-02,2026-02-02
price_spike_20260202_303,price_spike,2026-02-02,2026-02-02
price_spike_20260202_304,price_spike,2026-02-02,2026-02-02
price_spike_20260202_305,price_spike,2026-02-02,2026-02-02
price_spike_20260202_306,price_spike,2026-02-02,2026-02-02
price_spike_20260202_307,price_spike,2026-02-02,2026-02-02
price_spike_20260202_308,price_spike,2026-02-02,2026-02-02
price_spike_20260202_309,price_spike,2026-02-02,2026-02-02
price_spike_20260202_310,price_spike,2026-02-02,2026-02-02
price_spike_20260202_311,price_spike,2026-02-02,2026-02-02
price_spike_20260202_312,price_spike,2026-02-02,2026-02-02
price_spike_20260202_313,price_spike,2026-02-02,2026-02-02
price_spike_20260202_314,price_spike,2026-02-02,2026-02-02
price_spike_20260202_315,price_spike,2026-02-02,2026-02-02
price_spike_20260202_316,price_spike,2026-02-02,2026-02-02
price_spike_20260202_317,price_spike,2026-02-02,2026-02-02
price_spike_20260202_318,price_spike,2026-02-02,2026-02-02
price_spike_20260202_319,price_spike,2026-02-02,2026-02-02
price_spike_20260202_320,price_spike,2026-02-02,2026-02-02
price_spike_20260202_321,price_spike,2026-02-02,2026-02-02
price_spike_20260202_322,price_spike,2026-02-02,2026-02-02
price_spike_20260202_323,price_spike,2026-02-02,2026-02-02
price_spike_20260202_324,price_spike,2026-02-02,2026-02-02
price_spike_20260202_325,price_spike,2026-02-02,2026-02-02
price_spike_20260202_326,price_spike,2026-02-02,2026-02-02
price_spike_20260202_327,price_spike,2026-02-02,2026-02-02
price_spike_20260202_328,price_spike,2026-02-02,2026-02-02
price_spike_20260202_329,price_spike,2026-02-02,2026-02-02
price_spike_20260202_330,price_spike,2026-02-02,2026-02-02
price_spike_20260202_331,price_spike,2026-02-02,2026-02-02
price_spike_20260202_332,price_spike,2026-02-02,2026-02-02
price_spike_20260202_333,price_spike,2026-02-02,2026-02-02
price_spike_20260202_334,price_spike,2026-02-02,2026-02-02
price_spike_20260202_335,price_spike,2026-02-02,2026-02-02
price_spike_20260202_336,price_spike,2026-02-02,2026-02-02
price_spike_20260202_337,price_spike,2026-02-02,2026-02-02
price_spike_20260202_338,price_spike,2026-02-02,2026-02-02
price_spike_20260202_339,price_spike,2026-02-02,2026-02-02
price_spike_20260202_340,price_spike,2026-02-02,2026-02-02
price_spike_20260202_341,price_spike,2026-02-02,2026-02-02
price_spike_20260202_342,price_spike,2026-02-02,2026-02-02
price_spike_20260202_343,price_spike,2026-02-02,2026-02-02
price_spike_20260202_344,price_spike,2026-02-02,2026-02-02
price_spike_20260202_345,price_spike,2026-02-02,2026-02-02
price_spike_20260202_346,price_spike,2026-02-02,2026-02-02
price_spike_20260202_347,price_spike,2026-02-02,2026-02-02
price_spike_20260202_348,price_spike,2026-02-02,2026-02-02
price_spike_20260202_349,price_spike,2026-02-02,2026-02-02
price_spike_20260202_350,price_spike,2026-02-02,2026-02-02
price_spike_20260202_351,price_spike,2026-02-02,2026-02-02
price_spike_20260202_352,price_spike,2026-02-02,2026-02-02
price_spike_20260202_353,price_spike,2026-02-02,2026-02-02
price_spike_20260202_354,price_spike,2026-02-02,2026-02-02
price_spike_20260202_355,price_spike,2026-02-02,2026-02-02
price_spike_20260202_356,price_spike,2026-02-02,2026-02-02
price_spike_20260202_357,price_spike,2026-02-02,2026-02-02
price_spike_20260202_358,price_spike,2026-02-02,2026-02-02
price_spike_20260202_359,price_spike,2026-02-02,2026-02-02
price_spike_20260202_360,price_spike,2026-02-02,2026-02-02
price_spike_20260202_361,price_spike,2026-02-02,2026-02-02
price_spike_20260202_362,price_spike,2026-02-02,2026-02-02
price_spike_20260202_363,price_spike,2026-02-02,2026-02-02
price_spike_20260202_364,price_spike,2026-02-02,2026-02-02
price_spike_20260202_365,price_spike,2026-02-02,2026-02-02
price_spike_20260202_366,price_spike,2026-02-02,2026-02-02
price_spike_20260202_367,price_spike,2026-02-02,2026-02-02
price_spike_20260202_368,price_spike,2026-02-02,2026-02-02
price_spike_20260202_369,price_spike,2026-02-02,2026-02-02
price_spike_20260202_370,price_spike,2026-02-02,2026-02-02
price_spike_20260202_371,price_spike,2026-02-02,2026-02-02
price_spike_20260202_372,price_spike,2026-02-02,2026-02-02
price_spike_20260202_373,price_spike,2026-02-02,2026-02-02
price_spike_20260202_374,price_spike,2026-02-02,2026-02-02
price_spike_20260202_375,price_spike,2026-02-02,2026-02-02
price_spike_20260202_376,price_spike,2026-02-02,2026-02-02
price_spike_20260202_377,price_spike,2026-02-02,2026-02-02
price_spike_20260202_378,price_spike,2026-02-02,2026-02-02
price_spike_20260202_379,price_spike,2026-02-02,2026-02-02
price_spike_20260202_380,price_spike,2026-02-02,2026-02-02
price_spike_20260202_381,price_spike,2026-02-02,2026-02-02
price_spike_20260202_382,price_spike,2026-02-02,2026-02-02
price_spike_20260202_383,price_spike,2026-02-02,2026-02-02
price_spike_20260202_385,price_spike,2026-02-02,2026-02-02
price_spike_20260202_386,price_spike,2026-02-02,2026-02-02
price_spike_20260202_387,price_spike,2026-02-02,2026-02-02
price_spike_20260202_388,price_spike,2026-02-02,2026-02-02
price_spike_20260202_389,price_spike,2026-02-02,2026-02-02
price_spike_20260202_390,price_spike,2026-02-02,2026-02-02
price_spike_20260202_391,price_spike,2026-02-02,2026-02-02
price_spike_20260202_392,price_spike,2026-02-02,2026-02-02
price_spike_20260202_393,price_spike,2026-02-02,2026-02-02
price_spike_20260202_394,price_spike,2026-02-02,2026-02-02
price_spike_20260202_395,price_spike,2026-02-02,2026-02-02
price_spike_20260202_396,price_spike,2026-02-02,2026-02-02
price_spike_20260202_397,price_spike,2026-02-02,2026-02-02
price_spike_20260202_398,price_spike,2026-02-02,2026-02-02
price_spike_20260202_399,price_spike,2026-02-02,2026-02-02
price_spike_20260202_400,price_spike,2026-02-02,2026-02-02
price_spike_20260202_401,price_spike,2026-02-02,2026-02-02
price_spike_20260202_402,price_spike,2026-02-02,2026-02-02
price_spike_20260202_403,price_spike,2026-02-02,2026-02-02
price_spike_20260202_404,price_spike,2026-02-02,2026-02-02
price_spike_20260202_405,price_spike,2026-02-02,2026-02-02
price_spike_20260202_406,price_spike,2026-02-02,2026-02-02
price_spike_20260202_407,price_spike,2026-02-02,2026-02-02
price_spike_20260202_408,price_spike,2026-02-02,2026-02-02
price_spike_20260202_409,price_spike,2026-02-02,2026-02-02
price_spike_20260202_410,price_spike,2026-02-02,2026-02-02
price_spike_20260202_411,price_spike,2026-02-02,2026-02-02
price_spike_20260202_412,price_spike,2026-02-02,2026-02-02
price_spike_20260202_413,price_spike,2026-02-02,2026-02-02
price_spike_20260202_414,price_spike,2026-02-02,2026-02-02
price_spike_20260202_415,price_spike,2026-02-02,2026-02-02
price_spike_20260202_416,price_spike,2026-02-02,2026-02-02
price_spike_20260202_417,price_spike,2026-02-02,2026-02-02
price_spike_20260202_418,price_spike,2026-02-02,2026-02-02
price_spike_20260202_419,price_spike,2026-02-02,2026-02-02
price_spike_20260202_420,price_spike,2026-02-02,2026-02-02
price_spike_20260202_421,price_spike,2026-02-02,2026-02-02
price_spike_20260202_422,price_spike,2026-02-02,2026-02-02
price_spike_20260202_423,price_spike,2026-02-02,2026-02-02
price_spike_20260202_424,price_spike,2026-02-02,2026-02-02
price_spike_20260202_425,price_spike,2026-02-02,2026-02-02
price_spike_20260202_426,price_spike,2026-02-02,2026-02-02
price_spike_20260202_427,price_spike,2026-02-02,2026-02-02
price_spike_20260202_428,price_spike,2026-02-02,2026-02-02
price_spike_20260202_429,price_spike,2026-02-02,2026-02-02
price_spike_20260202_430,price_spike,2026-02-02,2026-02-02
price_spike_20260202_431,price_spike,2026-02-02,2026-02-02
price_spike_20260202_432,price_spike,2026-02-02,2026-02-02
price_spike_20260202_433,price_spike,2026-02-02,2026-02-02
price_spike_20260202_434,price_spike,2026-02-02,2026-02-02
price_spike_20260202_435,price_spike,2026-02-02,2026-02-02
price_spike_20260202_436,price_spike,2026-02-02,2026-02-02
price_spike_20260202_437,price_spike,2026-02-02,2026-02-02
price_spike_20260202_438,price_spike,2026-02-02,2026-02-02
price_spike_20260202_439,price_spike,2026-02-02,2026-02-02
price_spike_20260202_440,price_spike,2026-02-02,2026-02-02
price_spike_20260202_441,price_spike,2026-02-02,2026-02-02
price_spike_20260202_442,price_spike,2026-02-02,2026-02-02
price_spike_20260202_443,price_spike,2026-02-02,2026-02-02
price_spike_20260202_444,price_spike,2026-02-02,2026-02-02
price_spike_20260202_445,price_spike,2026-02-02,2026-02-02
price_spike_20260202_446,price_spike,2026-02-02,2026-02-02
price_spike_20260202_447,price_spike,2026-02-02,2026-02-02
price_spike_20260202_448,price_spike,2026-02-02,2026-02-02
price_spike_20260202_457,price_spike,2026-02-02,2026-02-02
price_spike_20260202_458,price_spike,2026-02-02,2026-02-02
price_spike_20260202_459,price_spike,2026-02-02,2026-02-02
price_spike_20260202_460,price_spike,2026-02-02,2026-02-02
price_spike_20260202_461,price_spike,2026-02-02,2026-02-02
price_spike_20260202_462,price_spike,2026-02-02,2026-02-02
price_spike_20260202_463,price_spike,2026-02-02,2026-02-02
price_spike_20260202_464,price_spike,2026-02-02,2026-02-02
price_spike_20260202_469,price_spike,2026-02-02,2026-02-02
price_spike_20260202_470,price_spike,2026-02-02,2026-02-02
price_spike_20260202_471,price_spike,2026-02-02,2026-02-02
price_spike_20260202_472,price_spike,2026-02-02,2026-02-02
price_spike_20260202_473,price_spike,2026-02-02,2026-02-02
price_spike_20260202_474,price_spike,2026-02-02,2026-02-02
price_spike_20260202_475,price_spike,2026-02-02,2026-02-02
price_spike_20260202_476,price_spike,2026-02-02,2026-02-02
price_spike_20260202_481,price_spike,2026-02-02,2026-02-02
price_spike_20260202_482,price_spike,2026-02-02,2026-02-02
price_spike_20260202_483,price_spike,2026-02-02,2026-02-02
price_spike_20260202_484,price_spike,2026-02-02,2026-02-02
price_spike_20260202_513,price_spike,2026-02-02,2026-02-02
price_spike_20260202_514,price_spike,2026-02-02,2026-02-02
price_spike_20260202_515,price_spike,2026-02-02,2026-02-02
price_spike_20260202_516,price_spike,2026-02-02,2026-02-02
price_spike_20260202_517,price_spike,2026-02-02,2026-02-02
price_spike_20260202_518,price_spike,2026-02-02,2026-02-02
price_spike_20260202_519,price_spike,2026-02-02,2026-02-02
price_spike_20260202_520,price_spike,2026-02-02,2026-02-02
price_spike_20260202_521,price_spike,2026-02-02,2026-02-02
price_spike_20260202_522,price_spike,2026-02-02,2026-02-02
price_spike_20260202_523,price_spike,2026-02-02,2026-02-02
price_spike_20260202_524,price_spike,2026-02-02,2026-02-02
price_spike_20260202_525,price_spike,2026-02-02,2026-02-02
price_spike_20260202_526,price_spike,2026-02-02,2026-02-02
price_spike_20260202_527,price_spike,2026-02-02,2026-02-02
price_spike_20260202_528,price_spike,2026-02-02,2026-02-02
price_spike_20260202_529,price_spike,2026-02-02,2026-02-02
price_spike_20260202_530,price_spike,2026-02-02,2026-02-02
price_spike_20260202_531,price_spike,2026-02-02,2026-02-02
price_spike_20260202_532,price_spike,2026-02-02,2026-02-02
price_spike_20260202_533,price_spike,2026-02-02,2026-02-02
price_spike_20260202_534,price_spike,2026-02-02,2026-02-02
price_spike_20260202_535,price_spike,2026-02-02,2026-02-02
price_spike_20260202_536,price_spike,2026-02-02,2026-02-02
price_spike_20260202_537,price_spike,2026-02-02,2026-02-02
price_spike_20260202_538,price_spike,2026-02-02,2026-02-02
price_spike_20260202_539,price_spike,2026-02-02,2026-02-02
price_spike_20260202_540,price_spike,2026-02-02,2026-02-02
price_spike_20260202_541,price_spike,2026-02-02,2026-02-02
price_spike_20260202_542,price_spike,2026-02-02,2026-02-02
price_spike_20260202_543,price_spike,2026-02-02,2026-02-02
price_spike_20260202_544,price_spike,2026-02-02,2026-02-02
price_spike_20260202_545,price_spike,2026-02-02,2026-02-02
price_spike_20260202_546,price_spike,2026-02-02,2026-02-02
price_spike_20260202_547,price_spike,2026-02-02,2026-02-02
price_spike_20260202_548,price_spike,2026-02-02,2026-02-02
price_spike_20260202_565,price_spike,2026-02-02,2026-02-02
price_spike_20260202_566,price_spike,2026-02-02,2026-02-02
price_spike_20260202_567,price_spike,2026-02-02,2026-02-02
price_spike_20260202_568,price_spike,2026-02-02,2026-02-02
price_spike_20260202_569,price_spike,2026-02-02,2026-02-02
price_spike_20260202_570,price_spike,2026-02-02,2026-02-02
price_spike_20260202_571,price_spike,2026-02-02,2026-02-02
price_spike_20260202_572,price_spike,2026-02-02,2026-02-02
price_spike_20260202_576,price_spike,2026-02-02,2026-02-02
price_spike_20260202_609,price_spike,2026-02-02,2026-02-02
price_spike_20260202_610,price_spike,2026-02-02,2026-02-02
price_spike_20260202_611,price_spike,2026-02-02,2026-02-02
price_spike_20260202_612,price_spike,2026-02-02,2026-02-02
price_spike_20260202_617,price_spike,2026-02-02,2026-02-02
price_spike_20260202_618,price_spike,2026-02-02,2026-02-02
price_spike_20260202_619,price_spike,2026-02-02,2026-02-02
price_spike_20260202_620,price_spike,2026-02-02,2026-02-02
price_spike_20260202_621,price_spike,2026-02-02,2026-02-02
price_spike_20260202_622,price_spike,2026-02-02,2026-02-02
price_spike_20260202_623,price_spike,2026-02-02,2026-02-02
price_spike_20260202_624,price_spike,2026-02-02,2026-02-02
price_spike_20260202_625,price_spike,2026-02-02,2026-02-02
price_spike_20260202_626,price_spike,2026-02-02,2026-02-02
price_spike_20260202_627,price_spike,2026-02-02,2026-02-02
price_spike_20260202_628,price_spike,2026-02-02,2026-02-02
price_spike_20260202_645,price_spike,2026-02-02,2026-02-02
price_spike_20260202_646,price_spike,2026-02-02,2026-02-02
price_spike_20260202_647,price_spike,2026-02-02,2026-02-02
price_spike_20260202_648,price_spike,2026-02-02,2026-02-02
price_spike_20260202_649,price_spike,2026-02-02,2026-02-02
price_spike_20260202_650,price_spike,2026-02-02,2026-02-02
price_spike_20260202_651,price_spike,2026-02-02,2026-02-02
price_spike_20260202_652,price_spike,2026-02-02,2026-02-02
price_spike_20260202_653,price_spike,2026-02-02,2026-02-02
price_spike_20260202_654,price_spike,2026-02-02,2026-02-02
price_spike_20260202_655,price_spike,2026-02-02,2026-02-02
price_spike_20260202_656,price_spike,2026-02-02,2026-02-02
price_spike_20260202_657,price_spike,2026-02-02,2026-02-02
price_spike_20260202_658,price_spike,2026-02-02,2026-02-02
price_spike_20260202_659,price_spike,2026-02-02,2026-02-02
price_spike_20260202_660,price_spike,2026-02-02,2026-02-02
price_spike_20260202_661,price_spike,2026-02-02,2026-02-02
price_spike_20260202_662,price_spike,2026-02-02,2026-02-02
price_spike_20260202_663,price_spike,2026-02-02,2026-02-02
price_spike_20260202_664,price_spike,2026-02-02,2026-02-02
price_spike_20260202_665,price_spike,2026-02-02,2026-02-02
price_spike_20260202_666,price_spike,2026-02-02,2026-02-02
price_spike_20260202_667,price_spike,2026-02-02,2026-02-02
price_spike_20260202_668,price_spike,2026-02-02,2026-02-02
price_spike_20260202_669,price_spike,2026-02-02,2026-02-02
price_spike_20260202_670,price_spike,2026-02-02,2026-02-02
price_spike_20260202_671,price_spike,2026-02-02,2026-02-02
load_deviation_20260209,load_deviation,2026-02-09,2026-02-09
price_spike_20260209_001,price_spike,2026-02-09,2026-02-09
price_spike_20260209_002,price_spike,2026-02-09,2026-02-09
price_spike_20260209_003,price_spike,2026-02-09,2026-02-09
price_spike_20260209_004,price_spike,2026-02-09,2026-02-09
price_spike_20260209_033,price_spike,2026-02-09,2026-02-09
price_spike_20260209_034,price_spike,2026-02-09,2026-02-09
price_spike_20260209_035,price_spike,2026-02-09,2026-02-09
price_spike_20260209_036,price_spike,2026-02-09,2026-02-09
price_spike_20260209_037,price_spike,2026-02-09,2026-02-09
price_spike_20260209_038,price_spike,2026-02-09,2026-02-09
price_spike_20260209_039,price_spike,2026-02-09,2026-02-09
price_spike_20260209_040,price_spike,2026-02-09,2026-02-09
price_spike_20260209_041,price_spike,2026-02-09,2026-02-09
price_spike_20260209_042,price_spike,2026-02-09,2026-02-09
price_spike_20260209_043,price_spike,2026-02-09,2026-02-09
price_spike_20260209_044,price_spike,2026-02-09,2026-02-09
price_spike_20260209_045,price_spike,2026-02-09,2026-02-09
price_spike_20260209_046,price_spike,2026-02-09,2026-02-09
price_spike_20260209_047,price_spike,2026-02-09,2026-02-09
price_spike_20260209_048,price_spike,2026-02-09,2026-02-09
price_spike_20260209_049,price_spike,2026-02-09,2026-02-09
price_spike_20260209_050,price_spike,2026-02-09,2026-02-09
price_spike_20260209_051,price_spike,2026-02-09,2026-02-09
price_spike_20260209_052,price_spike,2026-02-09,2026-02-09
price_spike_20260209_053,price_spike,2026-02-09,2026-02-09
price_spike_20260209_054,price_spike,2026-02-09,2026-02-09
price_spike_20260209_055,price_spike,2026-02-09,2026-02-09
price_spike_20260209_056,price_spike,2026-02-09,2026-02-09
price_spike_20260209_057,price_spike,2026-02-09,2026-02-09
price_spike_20260209_058,price_spike,2026-02-09,2026-02-09
price_spike_20260209_059,price_spike,2026-02-09,2026-02-09
price_spike_20260209_060,price_spike,2026-02-09,2026-02-09
price_spike_20260209_061,price_spike,2026-02-09,2026-02-09
price_spike_20260209_062,price_spike,2026-02-09,2026-02-09
price_spike_20260209_063,price_spike,2026-02-09,2026-02-09
price_spike_20260209_064,price_spike,2026-02-09,2026-02-09
price_spike_20260209_065,price_spike,2026-02-09,2026-02-09
price_spike_20260209_066,price_spike,2026-02-09,2026-02-09
price_spike_20260209_067,price_spike,2026-02-09,2026-02-09
price_spike_20260209_068,price_spike,2026-02-09,2026-02-09
price_spike_20260209_069,price_spike,2026-02-09,2026-02-09
price_spike_20260209_070,price_spike,2026-02-09,2026-02-09
price_spike_20260209_071,price_spike,2026-02-09,2026-02-09
price_spike_20260209_072,price_spike,2026-02-09,2026-02-09
price_spike_20260209_073,price_spike,2026-02-09,2026-02-09
price_spike_20260209_074,price_spike,2026-02-09,2026-02-09
price_spike_20260209_075,price_spike,2026-02-09,2026-02-09
price_spike_20260209_076,price_spike,2026-02-09,2026-02-09
price_spike_20260209_077,price_spike,2026-02-09,2026-02-09
price_spike_20260209_078,price_spike,2026-02-09,2026-02-09
price_spike_20260209_079,price_spike,2026-02-09,2026-02-09
price_spike_20260209_080,price_spike,2026-02-09,2026-02-09
price_spike_20260209_081,price_spike,2026-02-09,2026-02-09
price_spike_20260209_082,price_spike,2026-02-09,2026-02-09
price_spike_20260209_083,price_spike,2026-02-09,2026-02-09
price_spike_20260209_084,price_spike,2026-02-09,2026-02-09
price_spike_20260209_085,price_spike,2026-02-09,2026-02-09
price_spike_20260209_086,price_spike,2026-02-09,2026-02-09
price_spike_20260209_087,price_spike,2026-02-09,2026-02-09
price_spike_20260209_088,price_spike,2026-02-09,2026-02-09
price_spike_20260209_089,price_spike,2026-02-09,2026-02-09
price_spike_20260209_090,price_spike,2026-02-09,2026-02-09
price_spike_20260209_091,price_spike,2026-02-09,2026-02-09
price_spike_20260209_092,price_spike,2026-02-09,2026-02-09
price_spike_20260209_192,price_spike,2026-02-09,2026-02-09
price_spike_20260209_193,price_spike,2026-02-09,2026-02-09
price_spike_20260209_194,price_spike,2026-02-09,2026-02-09
price_spike_20260209_195,price_spike,2026-02-09,2026-02-09
price_spike_20260209_196,price_spike,2026-02-09,2026-02-09
price_spike_20260209_197,price_spike,2026-02-09,2026-02-09
price_spike_20260209_198,price_spike,2026-02-09,2026-02-09
price_spike_20260209_199,price_spike,2026-02-09,2026-02-09
price_spike_20260209_200,price_spike,2026-02-09,2026-02-09
price_spike_20260209_201,price_spike,2026-02-09,2026-02-09
price_spike_20260209_202,price_spike,2026-02-09,2026-02-09
price_spike_20260209_203,price_spike,2026-02-09,2026-02-09
price_spike_20260209_204,price_spike,2026-02-09,2026-02-09
price_spike_20260209_205,price_spike,2026-02-09,2026-02-09
price_spike_20260209_206,price_spike,2026-02-09,2026-02-09
price_spike_20260209_207,price_spike,2026-02-09,2026-02-09
price_spike_20260209_208,price_spike,2026-02-09,2026-02-09
price_spike_20260209_209,price_spike,2026-02-09,2026-02-09
price_spike_20260209_210,price_spike,2026-02-09,2026-02-09
price_spike_20260209_211,price_spike,2026-02-09,2026-02-09
price_spike_20260209_212,price_spike,2026-02-09,2026-02-09
price_spike_20260209_213,price_spike,2026-02-09,2026-02-09
price_spike_20260209_214,price_spike,2026-02-09,2026-02-09
price_spike_20260209_215,price_spike,2026-02-09,2026-02-09
price_spike_20260209_216,price_spike,2026-02-09,2026-02-09
price_spike_20260209_217,price_spike,2026-02-09,2026-02-09
price_spike_20260209_218,price_spike,2026-02-09,2026-02-09
price_spike_20260209_219,price_spike,2026-02-09,2026-02-09
price_spike_20260209_220,price_spike,2026-02-09,2026-02-09
price_spike_20260209_221,price_spike,2026-02-09,2026-02-09
price_spike_20260209_222,price_spike,2026-02-09,2026-02-09
price_spike_20260209_223,price_spike,2026-02-09,2026-02-09
price_spike_20260209_224,price_spike,2026-02-09,2026-02-09
price_spike_20260209_225,price_spike,2026-02-09,2026-02-09
price_spike_20260209_226,price_spike,2026-02-09,2026-02-09
price_spike_20260209_227,price_spike,2026-02-09,2026-02-09
price_spike_20260209_228,price_spike,2026-02-09,2026-02-09
price_spike_20260209_229,price_spike,2026-02-09,2026-02-09
price_spike_20260209_230,price_spike,2026-02-09,2026-02-09
price_spike_20260209_231,price_spike,2026-02-09,2026-02-09
price_spike_20260209_232,price_spike,2026-02-09,2026-02-09
price_spike_20260209_233,price_spike,2026-02-09,2026-02-09
price_spike_20260209_234,price_spike,2026-02-09,2026-02-09
price_spike_20260209_235,price_spike,2026-02-09,2026-02-09
price_spike_20260209_236,price_spike,2026-02-09,2026-02-09
price_spike_20260209_237,price_spike,2026-02-09,2026-02-09
price_spike_20260209_238,price_spike,2026-02-09,2026-02-09
price_spike_20260209_239,price_spike,2026-02-09,2026-02-09
price_spike_20260209_240,price_spike,2026-02-09,2026-02-09
price_spike_20260209_241,price_spike,2026-02-09,2026-02-09
price_spike_20260209_242,price_spike,2026-02-09,2026-02-09
price_spike_20260209_243,price_spike,2026-02-09,2026-02-09
price_spike_20260209_244,price_spike,2026-02-09,2026-02-09
price_spike_20260209_245,price_spike,2026-02-09,2026-02-09
price_spike_20260209_246,price_spike,2026-02-09,2026-02-09
price_spike_20260209_247,price_spike,2026-02-09,2026-02-09
price_spike_20260209_248,price_spike,2026-02-09,2026-02-09
price_spike_20260209_253,price_spike,2026-02-09,2026-02-09
price_spike_20260209_254,price_spike,2026-02-09,2026-02-09
price_spike_20260209_255,price_spike,2026-02-09,2026-02-09
price_spike_20260209_256,price_spike,2026-02-09,2026-02-09
price_spike_20260209_257,price_spike,2026-02-09,2026-02-09
price_spike_20260209_258,price_spike,2026-02-09,2026-02-09
price_spike_20260209_259,price_spike,2026-02-09,2026-02-09
price_spike_20260209_260,price_spike,2026-02-09,2026-02-09
price_spike_20260209_261,price_spike,2026-02-09,2026-02-09
price_spike_20260209_262,price_spike,2026-02-09,2026-02-09
price_spike_20260209_263,price_spike,2026-02-09,2026-02-09
price_spike_20260209_264,price_spike,2026-02-09,2026-02-09
price_spike_20260209_265,price_spike,2026-02-09,2026-02-09
price_spike_20260209_266,price_spike,2026-02-09,2026-02-09
price_spike_20260209_267,price_spike,2026-02-09,2026-02-09
price_spike_20260209_268,price_spike,2026-02-09,2026-02-09
price_spike_20260209_269,price_spike,2026-02-09,2026-02-09
price_spike_20260209_270,price_spike,2026-02-09,2026-02-09
price_spike_20260209_271,price_spike,2026-02-09,2026-02-09
price_spike_20260209_272,price_spike,2026-02-09,2026-02-09
price_spike_20260209_273,price_spike,2026-02-09,2026-02-09
price_spike_20260209_274,price_spike,2026-02-09,2026-02-09
price_spike_20260209_275,price_spike,2026-02-09,2026-02-09
price_spike_20260209_276,price_spike,2026-02-09,2026-02-09
price_spike_20260209_277,price_spike,2026-02-09,2026-02-09
price_spike_20260209_278,price_spike,2026-02-09,2026-02-09
price_spike_20260209_279,price_spike,2026-02-09,2026-02-09
price_spike_20260209_280,price_spike,2026-02-09,2026-02-09
price_spike_20260209_281,price_spike,2026-02-09,2026-02-09
price_spike_20260209_282,price_spike,2026-02-09,2026-02-09
price_spike_20260209_283,price_spike,2026-02-09,2026-02-09
price_spike_20260209_284,price_spike,2026-02-09,2026-02-09
price_spike_20260209_285,price_spike,2026-02-09,2026-02-09
price_spike_20260209_286,price_spike,2026-02-09,2026-02-09
price_spike_20260209_287,price_spike,2026-02-09,2026-02-09
price_spike_20260209_288,price_spike,2026-02-09,2026-02-09
price_spike_20260209_289,price_spike,2026-02-09,2026-02-09
price_spike_20260209_290,price_spike,2026-02-09,2026-02-09
price_spike_20260209_291,price_spike,2026-02-09,2026-02-09
price_spike_20260209_292,price_spike,2026-02-09,2026-02-09
price_spike_20260209_293,price_spike,2026-02-09,2026-02-09
price_spike_20260209_294,price_spike,2026-02-09,2026-02-09
price_spike_20260209_295,price_spike,2026-02-09,2026-02-09
price_spike_20260209_296,price_spike,2026-02-09,2026-02-09
price_spike_20260209_297,price_spike,2026-02-09,2026-02-09
price_spike_20260209_298,price_spike,2026-02-09,2026-02-09
price_spike_20260209_299,price_spike,2026-02-09,2026-02-09
price_spike_20260209_300,price_spike,2026-02-09,2026-02-09
price_spike_20260209_301,price_spike,2026-02-09,2026-02-09
price_spike_20260209_302,price_spike,2026-02-09,2026-02-09
price_spike_20260209_303,price_spike,2026-02-09,2026-02-09
price_spike_20260209_304,price_spike,2026-02-09,2026-02-09
price_spike_20260209_305,price_spike,2026-02-09,2026-02-09
price_spike_20260209_306,price_spike,2026-02-09,2026-02-09
price_spike_20260209_307,price_spike,2026-02-09,2026-02-09
price_spike_20260209_308,price_spike,2026-02-09,2026-02-09
price_spike_20260209_309,price_spike,2026-02-09,2026-02-09
price_spike_20260209_310,price_spike,2026-02-09,2026-02-09
price_spike_20260209_311,price_spike,2026-02-09,2026-02-09
price_spike_20260209_312,price_spike,2026-02-09,2026-02-09
price_spike_20260209_313,price_spike,2026-02-09,2026-02-09
price_spike_20260209_314,price_spike,2026-02-09,2026-02-09
price_spike_20260209_315,price_spike,2026-02-09,2026-02-09
price_spike_20260209_316,price_spike,2026-02-09,2026-02-09
price_spike_20260209_317,price_spike,2026-02-09,2026-02-09
price_spike_20260209_318,price_spike,2026-02-09,2026-02-09
price_spike_20260209_319,price_spike,2026-02-09,2026-02-09
price_spike_20260209_320,price_spike,2026-02-09,2026-02-09
price_spike_20260209_321,price_spike,2026-02-09,2026-02-09
price_spike_20260209_322,price_spike,2026-02-09,2026-02-09
price_spike_20260209_323,price_spike,2026-02-09,2026-02-09
price_spike_20260209_324,price_spike,2026-02-09,2026-02-09
price_spike_20260209_325,price_spike,2026-02-09,2026-02-09
price_spike_20260209_326,price_spike,2026-02-09,2026-02-09
price_spike_20260209_327,price_spike,2026-02-09,2026-02-09
price_spike_20260209_328,price_spike,2026-02-09,2026-02-09
price_spike_20260209_329,price_spike,2026-02-09,2026-02-09
price_spike_20260209_330,price_spike,2026-02-09,2026-02-09
price_spike_20260209_331,price_spike,2026-02-09,2026-02-09
price_spike_20260209_332,price_spike,2026-02-09,2026-02-09
price_spike_20260209_333,price_spike,2026-02-09,2026-02-09
price_spike_20260209_334,price_spike,2026-02-09,2026-02-09
price_spike_20260209_335,price_spike,2026-02-09,2026-02-09
price_spike_20260209_336,price_spike,2026-02-09,2026-02-09
price_spike_20260209_337,price_spike,2026-02-09,2026-02-09
price_spike_20260209_338,price_spike,2026-02-09,2026-02-09
price_spike_20260209_339,price_spike,2026-02-09,2026-02-09
price_spike_20260209_340,price_spike,2026-02-09,2026-02-09
price_spike_20260209_341,price_spike,2026-02-09,2026-02-09
price_spike_20260209_342,price_spike,2026-02-09,2026-02-09
price_spike_20260209_343,price_spike,2026-02-09,2026-02-09
price_spike_20260209_344,price_spike,2026-02-09,2026-02-09
price_spike_20260209_345,price_spike,2026-02-09,2026-02-09
price_spike_20260209_346,price_spike,2026-02-09,2026-02-09
price_spike_20260209_347,price_spike,2026-02-09,2026-02-09
price_spike_20260209_348,price_spike,2026-02-09,2026-02-09
price_spike_20260209_349,price_spike,2026-02-09,2026-02-09
price_spike_20260209_350,price_spike,2026-02-09,2026-02-09
price_spike_20260209_351,price_spike,2026-02-09,2026-02-09
price_spike_20260209_352,price_spike,2026-02-09,2026-02-09
price_spike_20260209_353,price_spike,2026-02-09,2026-02-09
price_spike_20260209_354,price_spike,2026-02-09,2026-02-09
price_spike_20260209_355,price_spike,2026-02-09,2026-02-09
price_spike_20260209_356,price_spike,2026-02-09,2026-02-09
price_spike_20260209_357,price_spike,2026-02-09,2026-02-09
price_spike_20260209_358,price_spike,2026-02-09,2026-02-09
price_spike_20260209_359,price_spike,2026-02-09,2026-02-09
price_spike_20260209_360,price_spike,2026-02-09,2026-02-09
price_spike_20260209_361,price_spike,2026-02-09,2026-02-09
price_spike_20260209_362,price_spike,2026-02-09,2026-02-09
price_spike_20260209_363,price_spike,2026-02-09,2026-02-09
price_spike_20260209_364,price_spike,2026-02-09,2026-02-09
price_spike_20260209_365,price_spike,2026-02-09,2026-02-09
price_spike_20260209_366,price_spike,2026-02-09,2026-02-09
price_spike_20260209_367,price_spike,2026-02-09,2026-02-09
price_spike_20260209_368,price_spike,2026-02-09,2026-02-09
price_spike_20260209_369,price_spike,2026-02-09,2026-02-09
price_spike_20260209_370,price_spike,2026-02-09,2026-02-09
price_spike_20260209_371,price_spike,2026-02-09,2026-02-09
price_spike_20260209_372,price_spike,2026-02-09,2026-02-09
price_spike_20260209_373,price_spike,2026-02-09,2026-02-09
price_spike_20260209_374,price_spike,2026-02-09,2026-02-09
price_spike_20260209_375,price_spike,2026-02-09,2026-02-09
price_spike_20260209_376,price_spike,2026-02-09,2026-02-09
price_spike_20260209_377,price_spike,2026-02-09,2026-02-09
price_spike_20260209_378,price_spike,2026-02-09,2026-02-09
price_spike_20260209_379,price_spike,2026-02-09,2026-02-09
price_spike_20260209_380,price_spike,2026-02-09,2026-02-09
price_spike_20260209_381,price_spike,2026-02-09,2026-02-09
price_spike_20260209_382,price_spike,2026-02-09,2026-02-09
price_spike_20260209_383,price_spike,2026-02-09,2026-02-09
price_spike_20260209_384,price_spike,2026-02-09,2026-02-09
price_spike_20260209_385,price_spike,2026-02-09,2026-02-09
price_spike_20260209_386,price_spike,2026-02-09,2026-02-09
price_spike_20260209_387,price_spike,2026-02-09,2026-02-09
price_spike_20260209_388,price_spike,2026-02-09,2026-02-09
price_spike_20260209_389,price_spike,2026-02-09,2026-02-09
price_spike_20260209_390,price_spike,2026-02-09,2026-02-09
price_spike_20260209_391,price_spike,2026-02-09,2026-02-09
price_spike_20260209_392,price_spike,2026-02-09,2026-02-09
price_spike_20260209_393,price_spike,2026-02-09,2026-02-09
price_spike_20260209_394,price_spike,2026-02-09,2026-02-09
price_spike_20260209_395,price_spike,2026-02-09,2026-02-09
price_spike_20260209_396,price_spike,2026-02-09,2026-02-09
price_spike_20260209_397,price_spike,2026-02-09,2026-02-09
price_spike_20260209_398,price_spike,2026-02-09,2026-02-09
price_spike_20260209_399,price_spike,2026-02-09,2026-02-09
price_spike_20260209_400,price_spike,2026-02-09,2026-02-09
price_spike_20260209_401,price_spike,2026-02-09,2026-02-09
price_spike_20260209_402,price_spike,2026-02-09,2026-02-09
price_spike_20260209_403,price_spike,2026-02-09,2026-02-09
price_spike_20260209_404,price_spike,2026-02-09,2026-02-09
price_spike_20260209_405,price_spike,2026-02-09,2026-02-09
price_spike_20260209_406,price_spike,2026-02-09,2026-02-09
price_spike_20260209_407,price_spike,2026-02-09,2026-02-09
price_spike_20260209_408,price_spike,2026-02-09,2026-02-09
price_spike_20260209_409,price_spike,2026-02-09,2026-02-09
price_spike_20260209_410,price_spike,2026-02-09,2026-02-09
price_spike_20260209_411,price_spike,2026-02-09,2026-02-09
price_spike_20260209_412,price_spike,2026-02-09,2026-02-09
price_spike_20260209_413,price_spike,2026-02-09,2026-02-09
price_spike_20260209_414,price_spike,2026-02-09,2026-02-09
price_spike_20260209_415,price_spike,2026-02-09,2026-02-09
price_spike_20260209_416,price_spike,2026-02-09,2026-02-09
price_spike_20260209_417,price_spike,2026-02-09,2026-02-09
price_spike_20260209_418,price_spike,2026-02-09,2026-02-09
price_spike_20260209_419,price_spike,2026-02-09,2026-02-09
price_spike_20260209_420,price_spike,2026-02-09,2026-02-09
price_spike_20260209_421,price_spike,2026-02-09,2026-02-09
price_spike_20260209_422,price_spike,2026-02-09,2026-02-09
price_spike_20260209_423,price_spike,2026-02-09,2026-02-09
price_spike_20260209_424,price_spike,2026-02-09,2026-02-09
price_spike_20260209_429,price_spike,2026-02-09,2026-02-09
price_spike_20260209_430,price_spike,2026-02-09,2026-02-09
price_spike_20260209_431,price_spike,2026-02-09,2026-02-09
price_spike_20260209_432,price_spike,2026-02-09,2026-02-09
price_spike_20260209_433,price_spike,2026-02-09,2026-02-09
price_spike_20260209_434,price_spike,2026-02-09,2026-02-09
price_spike_20260209_435,price_spike,2026-02-09,2026-02-09
price_spike_20260209_436,price_spike,2026-02-09,2026-02-09
price_spike_20260209_437,price_spike,2026-02-09,2026-02-09
price_spike_20260209_438,price_spike,2026-02-09,2026-02-09
price_spike_20260209_439,price_spike,2026-02-09,2026-02-09
price_spike_20260209_440,price_spike,2026-02-09,2026-02-09
price_spike_20260209_441,price_spike,2026-02-09,2026-02-09
price_spike_20260209_442,price_spike,2026-02-09,2026-02-09
price_spike_20260209_443,price_spike,2026-02-09,2026-02-09
price_spike_20260209_444,price_spike,2026-02-09,2026-02-09
price_spike_20260209_445,price_spike,2026-02-09,2026-02-09
price_spike_20260209_446,price_spike,2026-02-09,2026-02-09
price_spike_20260209_447,price_spike,2026-02-09,2026-02-09
price_spike_20260209_448,price_spike,2026-02-09,2026-02-09
price_spike_20260209_449,price_spike,2026-02-09,2026-02-09
price_spike_20260209_450,price_spike,2026-02-09,2026-02-09
price_spike_20260209_451,price_spike,2026-02-09,2026-02-09
price_spike_20260209_452,price_spike,2026-02-09,2026-02-09
price_spike_20260209_453,price_spike,2026-02-09,2026-02-09
price_spike_20260209_454,price_spike,2026-02-09,2026-02-09
price_spike_20260209_455,price_spike,2026-02-09,2026-02-09
price_spike_20260209_456,price_spike,2026-02-09,2026-02-09
price_spike_20260209_457,price_spike,2026-02-09,2026-02-09
price_spike_20260209_458,price_spike,2026-02-09,2026-02-09
price_spike_20260209_459,price_spike,2026-02-09,2026-02-09
price_spike_20260209_460,price_spike,2026-02-09,2026-02-09
price_spike_20260209_461,price_spike,2026-02-09,2026-02-09
price_spike_20260209_462,price_spike,2026-02-09,2026-02-09
price_spike_20260209_463,price_spike,2026-02-09,2026-02-09
price_spike_20260209_464,price_spike,2026-02-09,2026-02-09
price_spike_20260209_465,price_spike,2026-02-09,2026-02-09
price_spike_20260209_466,price_spike,2026-02-09,2026-02-09
price_spike_20260209_467,price_spike,2026-02-09,2026-02-09
price_spike_20260209_468,price_spike,2026-02-09,2026-02-09
price_spike_20260209_469,price_spike,2026-02-09,2026-02-09
price_spike_20260209_470,price_spike,2026-02-09,2026-02-09
price_spike_20260209_471,price_spike,2026-02-09,2026-02-09
price_spike_20260209_472,price_spike,2026-02-09,2026-02-09
price_spike_20260209_473,price_spike,2026-02-09,2026-02-09
price_spike_20260209_474,price_spike,2026-02-09,2026-02-09
price_spike_20260209_475,price_spike,2026-02-09,2026-02-09
price_spike_20260209_476,price_spike,2026-02-09,2026-02-09
price_spike_20260209_477,price_spike,2026-02-09,2026-02-09
price_spike_20260209_478,price_spike,2026-02-09,2026-02-09
price_spike_20260209_479,price_spike,2026-02-09,2026-02-09
price_spike_20260209_480,price_spike,2026-02-09,2026-02-09
price_spike_20260209_513,price_spike,2026-02-09,2026-02-09
price_spike_20260209_514,price_spike,2026-02-09,2026-02-09
price_spike_20260209_515,price_spike,2026-02-09,2026-02-09
price_spike_20260209_516,price_spike,2026-02-09,2026-02-09
price_spike_20260209_565,price_spike,2026-02-09,2026-02-09
price_spike_20260209_566,price_spike,2026-02-09,2026-02-09
price_spike_20260209_567,price_spike,2026-02-09,2026-02-09
price_spike_20260209_568,price_spike,2026-02-09,2026-02-09
price_spike_20260209_573,price_spike,2026-02-09,2026-02-09
price_spike_20260209_574,price_spike,2026-02-09,2026-02-09
price_spike_20260209_575,price_spike,2026-02-09,2026-02-09
load_deviation_20260216,load_deviation,2026-02-16,2026-02-16
price_spike_20260216_000,price_spike,2026-02-16,2026-02-16
price_spike_20260216_093,price_spike,2026-02-16,2026-02-16
price_spike_20260216_094,price_spike,2026-02-16,2026-02-16
price_spike_20260216_095,price_spike,2026-02-16,2026-02-16
price_spike_20260216_325,price_spike,2026-02-16,2026-02-16
price_spike_20260216_326,price_spike,2026-02-16,2026-02-16
price_spike_20260216_327,price_spike,2026-02-16,2026-02-16
price_spike_20260216_328,price_spike,2026-02-16,2026-02-16
load_deviation_20260223,load_deviation,2026-02-23,2026-02-23
price_spike_20260223_305,price_spike,2026-02-23,2026-02-23
price_spike_20260223_306,price_spike,2026-02-23,2026-02-23
price_spike_20260223_307,price_spike,2026-02-23,2026-02-23
price_spike_20260223_308,price_spike,2026-02-23,2026-02-23
price_spike_20260223_309,price_spike,2026-02-23,2026-02-23
price_spike_20260223_310,price_spike,2026-02-23,2026-02-23
price_spike_20260223_311,price_spike,2026-02-23,2026-02-23
price_spike_20260223_312,price_spike,2026-02-23,2026-02-23
price_spike_20260223_321,price_spike,2026-02-23,2026-02-23
price_spike_20260223_322,price_spike,2026-02-23,2026-02-23
price_spike_20260223_323,price_spike,2026-02-23,2026-02-23
price_spike_20260223_324,price_spike,2026-02-23,2026-02-23
price_spike_20260223_357,price_spike,2026-02-23,2026-02-23
price_spike_20260223_358,price_spike,2026-02-23,2026-02-23
price_spike_20260223_359,price_spike,2026-02-23,2026-02-23
price_spike_20260223_360,price_spike,2026-02-23,2026-02-23
price_spike_20260223_361,price_spike,2026-02-23,2026-02-23
price_spike_20260223_362,price_spike,2026-02-23,2026-02-23
price_spike_20260223_363,price_spike,2026-02-23,2026-02-23
price_spike_20260223_364,price_spike,2026-02-23,2026-02-23
price_spike_20260223_365,price_spike,2026-02-23,2026-02-23
price_spike_20260223_366,price_spike,2026-02-23,2026-02-23
price_spike_20260223_367,price_spike,2026-02-23,2026-02-23
price_spike_20260223_368,price_spike,2026-02-23,2026-02-23
price_spike_20260223_384,price_spike,2026-02-23,2026-02-23
price_spike_20260223_385,price_spike,2026-02-23,2026-02-23
price_spike_20260223_386,price_spike,2026-02-23,2026-02-23
price_spike_20260223_387,price_spike,2026-02-23,2026-02-23
price_spike_20260223_388,price_spike,2026-02-23,2026-02-23
price_spike_20260223_417,price_spike,2026-02-23,2026-02-23
price_spike_20260223_418,price_spike,2026-02-23,2026-02-23
price_spike_20260223_419,price_spike,2026-02-23,2026-02-23
price_spike_20260223_420,price_spike,2026-02-23,2026-02-23
price_spike_20260223_421,price_spike,2026-02-23,2026-02-23
price_spike_20260223_422,price_spike,2026-02-23,2026-02-23
price_spike_20260223_423,price_spike,2026-02-23,2026-02-23
price_spike_20260223_424,price_spike,2026-02-23,2026-02-23
price_spike_20260223_425,price_spike,2026-02-23,2026-02-23
price_spike_20260223_426,price_spike,2026-02-23,2026-02-23
price_spike_20260223_427,price_spike,2026-02-23,2026-02-23
price_spike_20260223_428,price_spike,2026-02-23,2026-02-23
price_spike_20260223_429,price_spike,2026-02-23,2026-02-23
price_spike_20260223_430,price_spike,2026-02-23,2026-02-23
price_spike_20260223_431,price_spike,2026-02-23,2026-02-23
price_spike_20260223_432,price_spike,2026-02-23,2026-02-23
price_spike_20260223_433,price_spike,2026-02-23,2026-02-23
price_spike_20260223_434,price_spike,2026-02-23,2026-02-23
price_spike_20260223_435,price_spike,2026-02-23,2026-02-23
price_spike_20260223_436,price_spike,2026-02-23,2026-02-23
price_spike_20260223_437,price_spike,2026-02-23,2026-02-23
price_spike_20260223_438,price_spike,2026-02-23,2026-02-23
price_spike_20260223_439,price_spike,2026-02-23,2026-02-23
price_spike_20260223_440,price_spike,2026-02-23,2026-02-23
price_spike_20260223_441,price_spike,2026-02-23,2026-02-23
price_spike_20260223_442,price_spike,2026-02-23,2026-02-23
price_spike_20260223_443,price_spike,2026-02-23,2026-02-23
price_spike_20260223_444,price_spike,2026-02-23,2026-02-23
price_spike_20260223_445,price_spike,2026-02-23,2026-02-23
price_spike_20260223_446,price_spike,2026-02-23,2026-02-23
price_spike_20260223_447,price_spike,2026-02-23,2026-02-23
price_spike_20260223_448,price_spike,2026-02-23,2026-02-23
price_spike_20260223_449,price_spike,2026-02-23,2026-02-23
price_spike_20260223_450,price_spike,2026-02-23,2026-02-23
price_spike_20260223_451,price_spike,2026-02-23,2026-02-23
price_spike_20260223_452,price_spike,2026-02-23,2026-02-23
price_spike_20260223_453,price_spike,2026-02-23,2026-02-23
price_spike_20260223_454,price_spike,2026-02-23,2026-02-23
price_spike_20260223_455,price_spike,2026-02-23,2026-02-23
price_spike_20260223_456,price_spike,2026-02-23,2026-02-23
price_spike_20260223_457,price_spike,2026-02-23,2026-02-23
price_spike_20260223_458,price_spike,2026-02-23,2026-02-23
price_spike_20260223_459,price_spike,2026-02-23,2026-02-23
price_spike_20260223_460,price_spike,2026-02-23,2026-02-23
price_spike_20260223_461,price_spike,2026-02-23,2026-02-23
price_spike_20260223_462,price_spike,2026-02-23,2026-02-23
price_spike_20260223_463,price_spike,2026-02-23,2026-02-23
price_spike_20260223_464,price_spike,2026-02-23,2026-02-23
price_spike_20260223_465,price_spike,2026-02-23,2026-02-23
price_spike_20260223_466,price_spike,2026-02-23,2026-02-23
price_spike_20260223_467,price_spike,2026-02-23,2026-02-23
price_spike_20260223_468,price_spike,2026-02-23,2026-02-23
price_spike_20260223_469,price_spike,2026-02-23,2026-02-23
price_spike_20260223_470,price_spike,2026-02-23,2026-02-23
price_spike_20260223_471,price_spike,2026-02-23,2026-02-23
price_spike_20260223_472,price_spike,2026-02-23,2026-02-23
price_spike_20260223_473,price_spike,2026-02-23,2026-02-23
price_spike_20260223_474,price_spike,2026-02-23,2026-02-23
price_spike_20260223_475,price_spike,2026-02-23,2026-02-23
price_spike_20260223_476,price_spike,2026-02-23,2026-02-23
price_spike_20260223_477,price_spike,2026-02-23,2026-02-23
price_spike_20260223_478,price_spike,2026-02-23,2026-02-23
price_spike_20260223_479,price_spike,2026-02-23,2026-02-23
price_spike_20260223_481,price_spike,2026-02-23,2026-02-23
price_spike_20260223_482,price_spike,2026-02-23,2026-02-23
price_spike_20260223_483,price_spike,2026-02-23,2026-02-23
price_spike_20260223_484,price_spike,2026-02-23,2026-02-23
price_spike_20260223_485,price_spike,2026-02-23,2026-02-23
price_spike_20260223_486,price_spike,2026-02-23,2026-02-23
price_spike_20260223_487,price_spike,2026-02-23,2026-02-23
price_spike_20260223_488,price_spike,2026-02-23,2026-02-23
price_spike_20260223_497,price_spike,2026-02-23,2026-02-23
price_spike_20260223_498,price_spike,2026-02-23,2026-02-23
price_spike_20260223_499,price_spike,2026-02-23,2026-02-23
price_spike_20260223_500,price_spike,2026-02-23,2026-02-23
price_spike_20260223_501,price_spike,2026-02-23,2026-02-23
price_spike_20260223_502,price_spike,2026-02-23,2026-02-23
price_spike_20260223_503,price_spike,2026-02-23,2026-02-23
price_spike_20260223_504,price_spike,2026-02-23,2026-02-23
price_spike_20260223_509,price_spike,2026-02-23,2026-02-23
price_spike_20260223_510,price_spike,2026-02-23,2026-02-23
price_spike_20260223_511,price_spike,2026-02-23,2026-02-23
price_spike_20260223_512,price_spike,2026-02-23,2026-02-23
price_spike_20260223_513,price_spike,2026-02-23,2026-02-23
price_spike_20260223_514,price_spike,2026-02-23,2026-02-23
price_spike_20260223_515,price_spike,2026-02-23,2026-02-23
price_spike_20260223_516,price_spike,2026-02-23,2026-02-23
price_spike_20260223_517,price_spike,2026-02-23,2026-02-23
price_spike_20260223_518,price_spike,2026-02-23,2026-02-23
price_spike_20260223_519,price_spike,2026-02-23,2026-02-23
price_spike_20260223_520,price_spike,2026-02-23,2026-02-23
price_spike_20260223_521,price_spike,2026-02-23,2026-02-23
price_spike_20260223_522,price_spike,2026-02-23,2026-02-23
price_spike_20260223_523,price_spike,2026-02-23,2026-02-23
price_spike_20260223_524,price_spike,2026-02-23,2026-02-23
price_spike_20260223_525,price_spike,2026-02-23,2026-02-23
price_spike_20260223_526,price_spike,2026-02-23,2026-02-23
price_spike_20260223_527,price_spike,2026-02-23,2026-02-23
price_spike_20260223_528,price_spike,2026-02-23,2026-02-23
price_spike_20260223_529,price_spike,2026-02-23,2026-02-23
price_spike_20260223_530,price_spike,2026-02-23,2026-02-23
price_spike_20260223_531,price_spike,2026-02-23,2026-02-23
price_spike_20260223_532,price_spike,2026-02-23,2026-02-23
price_spike_20260223_533,price_spike,2026-02-23,2026-02-23
price_spike_20260223_534,price_spike,2026-02-23,2026-02-23
price_spike_20260223_535,price_spike,2026-02-23,2026-02-23
price_spike_20260223_536,price_spike,2026-02-23,2026-02-23
price_spike_20260223_537,price_spike,2026-02-23,2026-02-23
price_spike_20260223_538,price_spike,2026-02-23,2026-02-23
price_spike_20260223_539,price_spike,2026-02-23,2026-02-23
price_spike_20260223_540,price_spike,2026-02-23,2026-02-23
price_spike_20260223_541,price_spike,2026-02-23,2026-02-23
price_spike_20260223_542,price_spike,2026-02-23,2026-02-23
price_spike_20260223_543,price_spike,2026-02-23,2026-02-23
price_spike_20260223_544,price_spike,2026-02-23,2026-02-23
price_spike_20260223_545,price_spike,2026-02-23,2026-02-23
price_spike_20260223_546,price_spike,2026-02-23,2026-02-23
price_spike_20260223_547,price_spike,2026-02-23,2026-02-23
price_spike_20260223_548,price_spike,2026-02-23,2026-02-23
price_spike_20260223_549,price_spike,2026-02-23,2026-02-23
price_spike_20260223_550,price_spike,2026-02-23,2026-02-23
price_spike_20260223_551,price_spike,2026-02-23,2026-02-23
price_spike_20260223_552,price_spike,2026-02-23,2026-02-23
price_spike_20260223_553,price_spike,2026-02-23,2026-02-23
price_spike_20260223_554,price_spike,2026-02-23,2026-02-23
price_spike_20260223_555,price_spike,2026-02-23,2026-02-23
price_spike_20260223_556,price_spike,2026-02-23,2026-02-23
price_spike_20260223_557,price_spike,2026-02-23,2026-02-23
price_spike_20260223_558,price_spike,2026-02-23,2026-02-23
price_spike_20260223_559,price_spike,2026-02-23,2026-02-23
price_spike_20260223_560,price_spike,2026-02-23,2026-02-23
price_spike_20260223_561,price_spike,2026-02-23,2026-02-23
price_spike_20260223_562,price_spike,2026-02-23,2026-02-23
price_spike_20260223_563,price_spike,2026-02-23,2026-02-23
price_spike_20260223_564,price_spike,2026-02-23,2026-02-23
price_spike_20260223_565,price_spike,2026-02-23,2026-02-23
price_spike_20260223_566,price_spike,2026-02-23,2026-02-23
price_spike_20260223_567,price_spike,2026-02-23,2026-02-23
price_spike_20260223_568,price_spike,2026-02-23,2026-02-23
price_spike_20260223_569,price_spike,2026-02-23,2026-02-23
price_spike_20260223_570,price_spike,2026-02-23,2026-02-23
price_spike_20260223_571,price_spike,2026-02-23,2026-02-23
price_spike_20260223_572,price_spike,2026-02-23,2026-02-23
price_spike_20260223_577,price_spike,2026-02-23,2026-02-23
price_spike_20260223_578,price_spike,2026-02-23,2026-02-23
price_spike_20260223_579,price_spike,2026-02-23,2026-02-23
price_spike_20260223_580,price_spike,2026-02-23,2026-02-23
price_spike_20260223_633,price_spike,2026-02-23,2026-02-23
price_spike_20260223_634,price_spike,2026-02-23,2026-02-23
price_spike_20260223_635,price_spike,2026-02-23,2026-02-23
price_spike_20260223_636,price_spike,2026-02-23,2026-02-23
price_spike_20260223_657,price_spike,2026-02-23,2026-02-23
price_spike_20260223_658,price_spike,2026-02-23,2026-02-23
price_spike_20260223_659,price_spike,2026-02-23,2026-02-23
price_spike_20260223_660,price_spike,2026-02-23,2026-02-23
price_spike_20260223_661,price_spike,2026-02-23,2026-02-23
price_spike_20260223_662,price_spike,2026-02-23,2026-02-23
price_spike_20260223_663,price_spike,2026-02-23,2026-02-23
price_spike_20260223_664,price_spike,2026-02-23,2026-02-23
