week_start,prev_da_price_mean,prev_da_price_std,prev_da_price_max,prev_da_price_min,prev_da_price_q25,prev_da_price_q50,prev_da_price_q75,prev_id_price_mean,prev_id_price_std,prev_id_price_max,prev_id_price_min,prev_id_price_q25,prev_id_price_q50,prev_id_price_q75,prev_spread_mean,prev_spread_std,prev_spread_max,prev_spread_min,prev_spread_q25,prev_spread_q50,prev_spread_q75,prev_net_load_da_mean,prev_net_load_da_std,prev_net_load_da_max,prev_net_load_da_min,prev_net_load_da_q25,prev_net_load_da_q50,prev_net_load_da_q75,prev_net_load_id_mean,prev_net_load_id_std,prev_net_load_id_max,prev_net_load_id_min,prev_net_load_id_q25,prev_net_load_id_q50,prev_net_load_id_q75,prev_load_dev_mean,prev_load_dev_std,prev_load_dev_max,prev_load_dev_min,prev_load_dev_q25,prev_load_dev_q50,prev_load_dev_q75,prev_wind_dev_mean,prev_wind_dev_std,prev_wind_dev_max,prev_wind_dev_min,prev_wind_dev_q25,prev_wind_dev_q50,prev_wind_dev_q75,prev_solar_dev_mean,prev_solar_dev_std,prev_solar_dev_max,prev_solar_dev_min,prev_solar_dev_q25,prev_solar_dev_q50,prev_solar_dev_q75,prev_renewable_ratio_da_mean,prev_renewable_ratio_da_std,prev_renewable_ratio_da_max,prev_renewable_ratio_da_min,prev_renewable_ratio_da_q25,prev_renewable_ratio_da_q50,prev_renewable_ratio_da_q75,prev_renewable_ratio_id_mean,prev_renewable_ratio_id_std,prev_renewable_ratio_id_max,prev_renewable_ratio_id_min,prev_renewable_ratio_id_q25,prev_renewable_ratio_id_q50,prev_renewable_ratio_id_q75,prev_tieline_da_mean,prev_tieline_da_std,prev_tieline_da_max,prev_tieline_da_min,prev_tieline_da_q25,prev_tieline_da_q50,prev_tieline_da_q75,prev_hydro_da_mean,prev_hydro_da_std,prev_hydro_da_max,prev_hydro_da_min,prev_hydro_da_q25,prev_hydro_da_q50,prev_hydro_da_q75,prev_nonmarket_da_mean,prev_nonmarket_da_std,prev_nonmarket_da_max,prev_nonmarket_da_min,prev_nonmarket_da_q25,prev_nonmarket_da_q50,prev_nonmarket_da_q75,weekofyear_sin,weekofyear_cos,is_partial_week,forecast_weekly_net_demand_mwh,actual_weekly_net_demand_mwh,lt_price_w,lt_price_source,lt_settlement_base,spot_marginal_exposure,lt_spot_coupling_state,ancillary_peak_shaving_pause,ancillary_freq_reserve_tight,ancillary_price_boundary_tight,renewable_mechanism_active,mechanism_price_floor,mechanism_price_ceiling,mechanism_volume_ratio_max,mechanism_exec_term_years,lt_price_linked_active,fixed_price_ratio_max,linked_price_ratio_min,lt_linkage_pre_window,info_disclosure_active,metering_boundary_improved,forecast_boundary_improved,policy_count,policy_source_file_count,policy_parse_failure_count,forward_price_linkage_days,forward_price_linkage_code,forward_price_linkage_in_window,forward_mechanism_execution_days,forward_mechanism_execution_code,forward_mechanism_execution_in_window,forward_ancillary_coupling_days,forward_ancillary_coupling_code,forward_ancillary_coupling_in_window,forward_info_forecast_boundary_days,forward_info_forecast_boundary_code,forward_info_forecast_boundary_in_window
2025-11-03,319.29900000000004,94.06782917105794,410.27380000000005,0.5625,277.87743750000004,360.1499625,383.18534375,205.15547239583336,142.47750244322924,400.656175,0.0,69.55312500000001,220.91503749999998,333.1809375,-114.14352760416665,133.34597842778183,173.82517500000003,-394.420675,-216.33883749999995,-103.07295,-2.604943750000011,19381.692708333332,2246.0718611191883,24468.0,15553.75,17794.0625,19264.125,20519.4375,18835.366145833334,2184.7272252513394,23579.4225,15103.6625,17564.314375,18205.01375,19895.55875,-546.3265625000001,810.6999347767571,899.6325000000006,-2435.3175,-985.9425000000001,-409.7912500000002,73.72312499999998,-118.12364583333334,387.4395433695371,554.075,-1081.1525000000001,-418.23374999999993,-135.42750000000004,150.90124999999998,327.445,550.8955380032834,1672.605,-298.57250000000005,0.0,0.0,530.290625,0.16324896889820564,0.04912229219839934,0.26073431196761393,0.08758296117703364,0.11740911004988173,0.1679536243932323,0.19076875658212583,0.17426106388222204,0.05845268275460262,0.28663844458445986,0.09035432425263171,0.12259875346197278,0.16296222027875973,0.22222135544983154,7014.494791666667,481.6278886754344,7942.75,6109.0,6782.75,6925.375,7162.5625,4386.973958333333,1475.0907142298904,7494.75,2380.25,3044.9375,4242.875,4970.875,7124.345677083334,1237.7623328107834,9912.71,5115.72,6257.0287499999995,7015.8775000000005,7866.031875000001,-0.7485107481711011,0.6631226582407953,False,3330672.75,3347550.8449999997,319.29900000000004,estimated_prev_week_da_mean,1.0,1.0,1.0,0.0,1.0,1.0,0.0,0.0,0.0,0.0,0.0,0.0,0.0,0.0,0.0,1.0,1.0,1.0,19.0,11.0,0.0,60.0,1.0,0.0,59.0,1.0,0.0,60.0,0.0,0.0,60.0,0.0,0.0
2025-11-10,415.4348169642857,116.64401591017334,647.471575,0.0,390.9506125,426.5143375,490.3707625,392.36693080357145,144.46595505598827,689.47405,0.0,353.04088125,407.4609875,477.9210875,-23.067886160714288,127.31341181245922,319.687575,-371.43745,-72.07795000000002,-9.960149999999992,28.534243749999987,19825.433035714286,2661.9142193849893,26321.5,14383.25,18154.4375,19665.375,21282.375,19925.89788690476,2698.158400361976,26601.2525,14312.57,17986.818124999998,19787.0975,21548.324375,100.46485119047615,679.3522643127882,1864.9824999999992,-2036.1425000000008,-128.99312500000042,173.75874999999996,499.1524999999997,5.055312500000003,301.79108174529625,985.2674999999999,-985.4799999999999,-209.5612500000001,-27.556250000000006,232.709375,82.54233630952383,440.5417110726317,2072.85,-976.5750000000002,-0.08000000000000385,0.0,12.241874999999958,0.1528686748177504,0.07323681681943991,0.3759556636970707,0.03833769341368387,0.09069676587954502,0.1559084710025473,0.20929576952673273,0.15474453431411883,0.08069169907244139,0.3975191767875778,0.031213072966876858,0.08625015719609623,0.15572678851469435,0.210135768002859,6402.949404761905,749.1161570713583,7905.5,4601.5,5791.9375,6339.875,6982.5,4183.824404761905,1127.0754389388358,6537.25,1879.25,3411.875,3946.125,4584.0625,7095.200357142857,1397.8584467946034,10519.0875,4188.1975,5911.148749999999,6876.1975,8214.428125,-0.6631226582407956,0.7485107481711007,False,2950801.5,3055157.9175,415.4348169642857,estimated_prev_week_da_mean,1.0,1.0,1.0,0.0,1.0,1.0,0.0,0.0,0.0,0.0,0.0,0.0,0.0,0.0,0.0,1.0,1.0,1.0,19.0,11.0,0.0,60.0,1.0,0.0,52.0,1.0,0.0,60.0,0.0,0.0,60.0,0.0,0.0
2025-11-17,252.1448183035714,204.3195450678147,539.1145,0.0,0.0,311.13212500000003,448.49254375,304.1966523809524,174.74325581393825,542.453175,0.0,168.29954375,363.3834,446.1701,52.051834077380946,164.21393133817932,538.461575,-310.139125,-17.602137500000012,0.0,113.9600125,17564.29464285714,3655.062435985662,25745.75,11543.5,14567.5625,17357.75,20449.1875,18185.463794642856,3348.7120678242795,25837.4675,12795.16,15187.9475,17722.747499999998,20835.046875,621.1691517857142,924.9451131989628,3479.19,-1524.9099999999999,-31.777500000000146,427.1662499999993,1099.7568750000005,-398.2100148809524,481.6559858771476,416.58500000000004,-2260.495,-678.54,-303.515,-52.12625000000014,-283.6406845238095,667.4088991032485,1202.1749999999997,-2198.2275,-291.06624999999997,0.0,0.0,0.2536845238467889,0.1397294763997576,0.5505271176237028,0.02501787183724811,0.16251716375888386,0.2445904821629515,0.3333647424874515,0.2268568073301586,0.11883030472390943,0.46866080093134044,0.014982249818850586,0.155369247101465,0.2207513838071643,0.30396918704590803,6434.380952380952,664.4497684221402,7690.0,4298.0,6038.8125,6399.25,6894.4375,3849.3824404761904,1454.8990289598962,7277.0,1048.75,2730.3125,3744.125,4887.0,7586.81418154762,2071.080747807698,12000.255000000001,4267.275,5828.785,7439.4087500000005,9341.41125,-0.5680647467311559,0.8229838658936564,False,3201841.75,3291289.8425000003,252.1448183035714,estimated_prev_week_da_mean,1.0,1.0,1.0,0.0,1.0,1.0,0.0,0.0,0.0,0.0,0.0,0.0,0.0,0.0,0.0,1.0,1.0,1.0,19.0,11.0,0.0,60.0,1.0,0.0,45.0,1.0,0.0,60.0,0.0,0.0,60.0,0.0,0.0
2025-11-24,280.2170422619048,188.72429723062274,533.4771000000001,0.0,75.50685,343.9570625,441.06321875,303.45409702380954,178.90759520574775,514.0303,0.0,137.237725,391.08488750000004,457.1033875,23.237054761904762,160.90096244090728,456.993875,-436.4747,-29.272331249999986,0.6557499999999905,85.09363750000001,19058.581845238095,4246.381509529843,29569.25,11598.0,15965.8125,18562.125,22019.625,19591.010967261907,3802.5039459099166,28136.725,13218.5075,16809.129375,19064.23125,21854.309375,532.4291220238096,1481.417815968334,5259.0525,-2383.2424999999994,-376.70187499999986,358.7462500000006,1303.4268749999997,-521.9289583333333,775.4633441384653,1035.3850000000002,-2443.9575,-1061.565625,-369.72,14.458749999999966,-9.648973214285714,513.9515183500388,1598.0500000000002,-2522.9574999999995,-6.25,0.0,52.00562499999996,0.24200883080345065,0.144042245976242,0.5685554610352188,0.03224051645164862,0.1187160275308076,0.2284685843349879,0.35272660109989756,0.22053459797731728,0.12881676567861117,0.49995039156126403,0.015261648960378455,0.12363178981502634,0.19116458780338175,0.3114847732228149,6961.635416666667,669.4473132731476,8378.75,4617.0,6422.9375,6908.75,7446.75,3406.0416666666665,1929.6668786090497,7393.0,701.5,2209.5,2925.0,4425.75,7077.25369047619,2143.9519124510703,10906.47,3088.4375,5132.5356249999995,6828.735000000001,9068.855,-0.4647231720437684,0.88545602565321,False,3084583.75,3077245.7225,280.2170422619048,estimated_prev_week_da_mean,1.0,1.0,1.0,0.0,1.0,1.0,0.0,0.0,0.0,0.0,0.0,0.0,0.0,0.0,0.0,1.0,1.0,1.0,19.0,11.0,0.0,60.0,1.0,0.0,38.0,1.0,0.0,60.0,0.0,0.0,60.0,0.0,0.0
2025-12-01,359.1199200892857,199.68848563717896,604.65065,0.0,195.70653125,463.709075,513.43146875,311.7776611607143,208.52131475432356,605.47945,0.0,87.8533875,369.976425,496.14508750000005,-47.342258928571425,119.67197553244972,199.52055000000004,-470.27765,-64.76640625000002,-4.501325000000001,1.9467750000000046,18360.61755952381,4687.276896272034,27885.25,8204.0,14232.125,18552.0,21663.125,18316.938824404762,4247.206333692225,27932.805,10962.6,14370.59875,18297.27375,21311.23875,-43.678735119047566,1024.8230333397883,3169.4300000000003,-2552.0774999999994,-529.8781249999995,-26.13499999999999,424.8762499999996,-36.36328869047619,631.6926529362177,1622.0774999999999,-1545.0925,-294.37375,-45.96374999999999,249.96812499999996,-48.97880952380954,489.6846242412559,1929.6875000000002,-1820.8650000000002,-34.384999999999984,0.0,0.0,0.24781127151183066,0.17640799837061433,0.6839032051180227,0.036451767723808315,0.091720716628737,0.1943791925747811,0.3857235211080359,0.2456649983911689,0.15901845824261693,0.5855833901690062,0.03225193232769698,0.10715850796969288,0.18564475247027612,0.36898035025364934,6787.025297619048,850.7373966363684,8633.75,4359.5,6155.1875,6826.375,7367.875,3249.9806547619046,1752.2801119602982,6540.25,481.0,1811.75,3465.75,4346.4375,7484.199300595237,2022.487973266598,11439.157500000001,3946.6475,5605.308125,7587.295,8828.7,-0.35460488704253595,0.9350162426854147,False,3525623.0,3544410.785,359.1199200892857,estimated_prev_week_da_mean,1.0,1.0,1.0,0.0,1.0,1.0,0.0,0.0,0.0,0.0,0.0,0.0,0.0,0.0,0.0,1.0,1.0,1.0,19.0,11.0,0.0,60.0,1.0,0.0,31.0,1.0,0.0,60.0,0.0,0.0,60.0,0.0,0.0
2025-12-08,425.0034566964286,110.48635024986721,548.822525,0.0,414.70519375,454.57403750000003,481.85340625,405.1380824404762,115.88650187432482,643.01725,27.456875,370.267325,441.140975,482.922625,-19.86537425595238,111.97160974209123,416.35360000000003,-371.4724,-32.03551250000001,-4.620350000000002,12.857512499999999,20985.85119047619,3750.639967836411,29052.25,14011.0,18126.1875,20450.125,23638.0625,21097.68324404762,3976.755553604845,29940.4575,11838.855,18306.477499999997,21033.78375,24068.799375000002,111.8320535714285,1531.8778886367852,5970.007500000001,-3676.1725,-697.0349999999999,-47.41749999999956,862.5331249999999,202.53255952380954,807.293683868138,3925.9224999999997,-1533.4975,-93.56125,63.22500000000001,314.17375000000004,-130.26342261904762,646.8204708251467,2266.08,-2833.5125,-186.7862499999999,0.0,0.0,0.15710241070371064,0.11865990596374451,0.47270611386841677,0.01870696330335845,0.06349553723190961,0.12209374699076055,0.22759835082855578,0.15931581186035823,0.12382225642207854,0.4743834612855489,0.016740200245775074,0.066260489995795,0.11503284308576468,0.23302653633515524,7431.293154761905,556.4156468159348,8359.5,6231.0,6984.0,7349.5,7851.0,2720.7693452380954,1717.4733212986994,6673.0,168.5,1474.75,2297.375,3330.0625,6349.812276785715,2050.528153586051,10669.465,2555.5924999999997,4573.09,6175.475,8219.087500000001,-0.2393156642875578,0.970941817426052,False,3517721.0,3488011.83,425.0034566964286,estimated_prev_week_da_mean,1.0,1.0,1.0,0.0,1.0,1.0,0.0,0.0,0.0,0.0,0.0,0.0,0.0,0.0,0.0,1.0,1.0,1.0,19.0,11.0,0.0,55.0,1.0,0.0,24.0,1.0,1.0,60.0,0.0,0.0,60.0,0.0,0.0
2025-12-15,386.727594047619,120.87308896460156,548.8416,0.0,313.9065875,420.3777625,463.16970625,372.46064553571426,127.91711353116047,620.6869,0.0,315.46365000000003,407.5028125,459.15781875,-14.266948511904765,119.0975413507442,483.29949999999997,-432.28435,-56.78168124999997,-5.430200000000006,23.693174999999997,20938.815476190477,3989.638369311871,29653.5,12841.25,17732.25,20417.5,23876.375,20761.97517857143,3917.850045647441,28883.09,13258.01,17448.709375,20486.184999999998,23938.153125,-176.84029761904762,1088.2854239223554,2821.9025,-2712.49,-700.0106250000006,-222.6850000000004,379.1631250000006,19.769895833333333,670.2494398265093,2869.24,-1998.59,-229.75625,-52.735,397.53125,-187.51441964285712,561.0565979144982,2610.8199999999997,-1954.74,-433.3950000000001,0.0,0.0,0.17830241482091375,0.1293537254976177,0.5044618794754954,0.013053532322712794,0.0725119990550446,0.16358809545950462,0.2434571398999163,0.1751470404018984,0.12659490676715382,0.4601045814115797,0.006876171848721058,0.06872612809178555,0.1452641233387007,0.2618640034192182,7322.175595238095,686.1984045568106,8349.5,5405.25,6926.0,7360.375,7926.875,2531.9196428571427,1946.5515467991852,6688.25,156.5,1347.1875,1853.5,3405.25,6422.089985119047,2293.280929116712,10487.7575,3314.675,4199.50375,5709.563749999999,8577.19,-0.12053668025532363,0.992708874098054,False,3416346.5,3508612.4725,386.727594047619,estimated_prev_week_da_mean,1.0,1.0,1.0,0.0,1.0,1.0,0.0,0.0,0.0,0.0,0.0,0.0,0.0,0.0,0.0,1.0,1.0,1.0,19.0,11.0,0.0,48.0,1.0,0.0,17.0,1.0,1.0,60.0,0.0,0.0,60.0,0.0,0.0
2025-12-22,310.0039550595238,157.77726272030813,534.443675,0.0,205.8521,361.801825,441.64301874999995,300.18002842261905,176.04443365670247,592.278975,0.0,164.9406875,357.9730875,449.97390625,-9.82392663690476,109.35884046183833,386.98400000000004,-320.369975,-62.09683124999999,-8.23073749999999,21.858781249999993,20335.395833333332,3808.0848286331507,28961.75,13003.75,17513.4375,20031.0,23029.625,20884.59805059524,3558.28938736242,29815.51,14452.6625,18180.970625,20215.93625,23555.9925,549.2022172619048,1291.511376339718,4259.385,-1724.4499999999998,-421.2893749999994,361.59000000000015,1198.5125000000005,-152.6834970238095,561.752685045818,1445.5225,-1534.7525,-448.36125,-150.21499999999997,230.4737500000001,-424.95175595238095,756.2028396780161,839.4200000000001,-2877.0825,-613.7268749999995,0.0,0.0,0.1939630175592571,0.12432609767752696,0.5123211251776931,0.01609551133538109,0.08821545470291303,0.16218561699553286,0.27796920338879916,0.17238484815121294,0.10106308959758603,0.4210734791146309,0.009205675659475991,0.09162757895491087,0.14438524166431072,0.24946072366720723,7572.293154761905,703.3252302186174,9124.0,6183.5,7080.0,7555.875,8128.75,2276.278273809524,1714.723168607551,6098.0,-96.5,1257.0,1723.875,2722.4375,6396.541160714286,2264.8315512796516,10660.9825,2554.3525,4195.45625,6837.6925,8416.041874999999,6.432490598706546e-16,1.0,False,3697318.5,3755039.6,310.0039550595238,estimated_prev_week_da_mean,1.0,1.0,1.0,0.0,1.0,1.0,0.0,0.0,0.0,0.0,0.0,0.0,0.0,0.0,0.0,1.0,1.0,1.0,19.0,11.0,0.0,41.0,1.0,0.0,10.0,1.0,1.0,60.0,0.0,0.0,60.0,0.0,0.0
2025-12-29,362.2378569940476,124.92373159022641,645.6137249999999,0.0,283.1860875,387.32745,436.13386875,351.7591867559524,153.03049982630128,609.0319,0.0,256.5971,382.55925,460.55319999999995,-10.478670238095239,82.41619923268021,209.18899999999996,-341.2768,-39.24356249999997,-1.143362499999995,31.973962499999995,22007.848214285714,3934.0832244616868,32037.5,14316.0,19059.5625,21623.5,24909.5,22351.42619047619,4189.719361107937,31730.559999999998,15352.74,18801.591249999998,22252.20625,25635.540625,343.5779761904762,1217.0520383386456,3340.8274999999994,-3888.3899999999994,-296.0987499999999,355.4000000000001,1100.7399999999998,98.12001488095237,698.8610493000963,1343.2725,-2302.7025000000003,-145.183125,7.366250000000001,573.316875,-279.98816964285714,769.3630307022457,2147.575,-3034.6775000000002,-362.9787499999999,0.0,0.0,0.16457126036560527,0.115123987816269,0.4878603526687638,0.017893571614846487,0.08011676237911086,0.15503609945582322,0.209409547264259,0.1594813411358514,0.10643023112360118,0.4395203765679854,0.013663982178551954,0.08633767889204247,0.15512822469637833,0.19769431680469318,8181.196428571428,637.8312159784363,9169.0,6725.25,7714.1875,8448.0,8643.25,2109.1428571428573,1653.956145947297,5875.5,32.0,1085.8125,1547.25,2828.9375,5344.6409375,2093.41256348624,9497.4675,1477.4825,3319.423125,5080.20625,7253.053125,0.12053668025532305,0.992708874098054,False,3835035.875,4108833.95375,362.2378569940476,estimated_prev_week_da_mean,1.0,1.0,1.0,0.0,1.0,1.0,1.0,0.375,0.375,0.8,10.0,0.0,0.0,0.0,0.0,1.0,1.0,1.0,31.0,12.0,0.0,34.0,1.0,0.0,3.0,1.0,1.0,60.0,0.0,0.0,60.0,0.0,0.0
2026-01-05,418.55219002976185,74.17230715723984,571.198,101.24625,373.23613124999997,424.47974999999997,462.4806875,449.581583110119,104.94409221725904,746.86525,71.22575,371.713125,439.3598625,530.367025,31.029393080357142,90.18200055772179,365.295475,-294.38374999999996,-28.56543750000001,15.018124999999984,79.28106250000005,22827.59449404762,4143.9536771770845,32343.0,13241.5,20095.75,22584.5,25874.1875,24457.34496279762,4849.074924467017,34437.6225,14059.885,20732.3825,24093.932500000003,27760.796875,1629.75046875,1995.0305276983734,6909.045000000001,-2046.2699999999995,188.93187500000022,1255.7837499999996,2730.0337499999996,-176.22743303571428,631.9051290230851,933.99,-1842.465,-484.66937499999995,-95.29499999999999,288.954375,-359.5341964285714,566.4734890938453,233.31249999999994,-2621.965,-595.1975,0.0,0.0,0.14023786515103276,0.08571723293991584,0.33244903202443044,0.023954304892883596,0.0646255125871694,0.120573183785569,0.20893841673743618,0.11620461862708656,0.06754346425593923,0.2869796376908414,0.01780271947430516,0.06320768143521888,0.09876618852966401,0.15879622411275734,7749.473214285715,796.7211308195799,9245.0,6108.0,7098.0,7998.25,8242.5,1986.3206845238096,1666.6696358775569,5895.5,-166.5,986.5,1516.25,2462.53125,5307.1860193452385,1957.164631599274,8434.14,1556.145,3802.029375,5307.5075,6948.06375,0.23931566428755774,0.970941817426052,False,3843856.0,3884107.7125,418.55219002976185,estimated_prev_week_da_mean,1.0,1.0,1.0,0.0,1.0,1.0,1.0,0.375,0.375,0.8,10.0,0.0,0.0,0.0,1.0,1.0,1.0,1.0,27.0,12.0,0.0,27.0,1.0,1.0,60.0,0.0,0.0,60.0,0.0,0.0,60.0,0.0,0.0
2026-01-12,407.8556666666667,107.68853770336348,579.222,15.14125,364.6850625,425.25525000000005,470.3255,408.9749761904762,117.96843624547441,589.10325,0.0,364.22075,431.218625,490.529,1.119309523809523,58.760775285794836,215.82274999999998,-335.2105,-14.424687499999976,-0.5142500000000041,21.959812499999995,22880.095238095237,4805.349295038656,33373.5,13290.25,19024.625,22633.625,26672.0,23119.688764880953,4745.658994372695,32255.5825,14687.5225,19119.81625,22869.54625,26809.520624999997,239.5935267857143,1000.7283786657541,2909.3399999999992,-1638.0900000000001,-495.33812499999976,223.17000000000007,1002.3693750000004,-221.15129464285712,456.34723295049724,899.7925,-1286.9275,-494.788125,-249.09750000000003,41.35812500000002,103.30181547619048,596.1588487108597,2034.4,-1614.235,-2.0,0.0,129.18624999999986,0.19003292499652716,0.13755494801920665,0.5131951819133362,0.01701544740444123,0.09341376177572747,0.13974409499621537,0.25847565862489297,0.18387677116293152,0.14048849743769132,0.5270968442211625,0.009032873252671894,0.08475385224504091,0.14242269003347618,0.24012777975016705,7353.474702380952,719.8427839887163,8570.0,6110.0,7034.125,7161.75,8016.0,2090.464285714286,1726.7983959806643,5919.5,-134.0,1030.0625,1517.0,2608.5,6217.320550595238,2660.4470117474953,11340.005000000001,1598.69,3550.9206249999997,6547.5025000000005,8265.321875,0.3546048870425356,0.9350162426854148,False,3721929.25,3738569.925,407.8556666666667,estimated_prev_week_da_mean,1.0,1.0,1.0,0.0,1.0,1.0,1.0,0.375,0.375,0.8,10.0,0.0,0.0,0.0,1.0,1.0,1.0,1.0,27.0,12.0,0.0,20.0,1.0,1.0,60.0,0.0,0.0,60.0,0.0,0.0,60.0,0.0,0.0
2026-01-19,392.3248869047619,115.82838052093831,611.087,0.0,327.912375,409.886125,467.239375,401.34866666666665,139.17274200816473,716.85775,0.0,331.78725,423.383625,474.120125,9.023779761904766,90.00779241378483,406.05325000000005,-235.64625,-31.114187500000014,-0.7873750000000044,13.419937500000017,22154.340773809523,4286.321933497129,30954.0,11821.5,19170.25,21808.25,24936.0625,22253.392410714285,4082.3220489929736,30197.23,12583.21,19423.1025,22042.332499999997,25057.081250000003,99.05163690476184,1349.0126818213682,6328.014999999999,-3148.26,-627.2437500000003,-49.182499999999436,492.31062499999985,125.22770833333331,464.06640050191936,1995.7224999999999,-935.5550000000001,-74.27562499999998,75.35624999999997,335.74249999999995,-324.8954166666666,851.7772054377822,1335.1675000000002,-4420.8875,-275.5325000000001,0.0,0.0,0.1613435337662483,0.13283508747119235,0.5956619554770051,0.023217153791775316,0.06207504144951534,0.11293694125566733,0.2264273449708221,0.15490381422448374,0.12183647015753196,0.5675824930469984,0.0169184329005905,0.058644359735393045,0.11990015633694656,0.2243654084961738,7401.9077380952385,831.7127670682995,8764.5,6120.0,6751.75,7244.875,8189.0,2044.4747023809523,1651.3214965596226,5525.5,-12.25,997.3125,1433.625,2696.4375,6040.243690476191,2329.025834924131,11719.6525,2419.2974999999997,3774.700625,6124.22375,7796.751875,0.4647231720437685,0.8854560256532099,False,4699226.0,4889108.1375,392.3248869047619,estimated_prev_week_da_mean,1.0,1.0,1.0,0.0,1.0,1.0,1.0,0.375,0.375,0.8,10.0,0.0,0.0,0.0,1.0,1.0,1.0,1.0,27.0,12.0,0.0,13.0,1.0,1.0,60.0,0.0,0.0,60.0,0.0,0.0,60.0,0.0,0.0
2026-01-26,466.5608154761905,79.76806677728622,706.5785000000001,299.74175,405.749375,467.722,510.368625,515.1633958333333,92.98852374571348,737.0645,337.87325,458.3726875,497.842375,558.547375,37.175124999999994,52.45154011555323,190.841,-55.12575000000001,1.2575000000000038,22.789124999999977,65.52774999999994,27971.583333333332,6399.110205925459,40549.0,15763.25,23294.5625,26721.375,34011.375,29101.834151785715,5910.311607525494,39599.5325,16326.060000000001,24491.43,29085.32625,33953.09,1130.2508184523808,1901.2400326623947,6636.929999999999,-3098.5725,-125.81999999999994,740.915,1774.1575000000003,-130.70641369047618,444.3724858305443,1216.4025,-1968.9175,-323.46062500000005,-30.53000000000003,72.1425,-259.7080952380952,574.3928285464427,1129.4250000000002,-2445.8175,-444.8375,0.0,0.0,0.1110251261174486,0.08813455594512422,0.3972687305259157,0.00830789270714382,0.03173079128194072,0.09570241672928384,0.17754622793979158,0.09477031782934343,0.07923741689244213,0.34074364902926035,0.008716352414501291,0.021638872577509308,0.07159757102459989,0.14801287654999284,7967.691964285715,1012.3350699639324,9495.5,5976.25,7207.1875,8144.75,8854.0,2431.410714285714,1828.2980162909162,6105.5,-217.25,969.9375,2295.125,3768.1875,5657.991369047619,2489.8438317291934,13405.76,2107.475,3423.2618749999997,5424.465,7517.461875,0.5680647467311558,0.8229838658936564,False,4557974.25,4503780.2525,466.5608154761905,estimated_prev_week_da_mean,1.0,1.0,1.0,0.0,1.0,1.0,1.0,0.375,0.375,0.8,10.0,1.0,0.4,0.6,0.0,1.0,1.0,1.0,30.0,13.0,0.0,6.0,1.0,1.0,60.0,0.0,0.0,60.0,0.0,0.0,60.0,0.0,0.0
2026-02-02,438.19230357142857,70.4253014198554,545.3475,284.863,375.482875,456.2235,490.168875,431.7303392857143,73.94173821335362,562.918,143.477,372.2061875,445.90175,489.5133125,-6.461964285714283,38.16150725360606,107.1605,-304.07975,-12.140000000000008,-4.831875000000004,7.0158124999999885,27130.79910714286,4580.110169323341,35362.0,18105.25,23197.75,27940.875,30953.1875,26808.21578869048,4737.174466324531,34110.4675,17492.3175,22857.95625,27650.96625,30881.2075,-322.5833184523809,1684.9242521772194,4641.947499999999,-5266.224999999999,-1260.0081249999996,-338.8600000000001,485.563124999999,256.62968750000005,607.3212324532674,1575.155,-1163.7675,-98.79187499999998,330.25250000000005,668.7962500000001,-11.379702380952375,667.4610909310785,3284.6549999999997,-2054.8575,-138.318125,0.0,0.0,0.12145846260379392,0.0557320844196971,0.31702469683727225,0.03134263791832678,0.07516568829035376,0.11897299971422282,0.1515185549085994,0.13045919474502599,0.057887526397479364,0.3331819717974331,0.039445141336066185,0.09018947424529515,0.12455292856872639,0.15856064666071548,7991.492559523809,1148.5404853971954,9470.0,6210.25,7038.0,8008.5,9189.3125,2325.7693452380954,1806.7575864482378,6254.0,-215.75,1306.0625,1975.25,2893.8125,6142.784970238095,2291.6305964251956,12321.2525,2130.815,4061.466875,6185.161249999999,7902.209375,0.6631226582407952,0.7485107481711011,False,4013873.75,3973380.2575000003,438.19230357142857,estimated_prev_week_da_mean,1.0,1.0,1.0,0.0,1.0,1.0,1.0,0.375,0.375,0.8,10.0,1.0,0.4,0.6,0.0,1.0,1.0,1.0,30.0,13.0,0.0,60.0,0.0,0.0,60.0,0.0,0.0,60.0,0.0,0.0,60.0,0.0,0.0
2026-02-09,428.8433749999999,126.16915388877023,568.3357500000001,0.0,435.8355,470.8635,495.2846875,411.5684166666667,137.1801347003408,602.2035,0.0,398.6475,456.24975,488.2104375,-17.934541666666668,68.91548571552151,180.33525000000003,-321.66175,-21.75487499999998,-7.368749999999999,1.0533749999999955,23892.105654761905,4164.84578407553,32906.25,14966.75,20807.125,24283.625,26913.25,23651.072961309525,4259.3118335795,31513.137499999997,15126.7875,19795.446875,24059.723749999997,27089.583125,-241.0326934523809,1554.0125258425192,4686.3075,-4312.355,-1086.1837500000004,-257.43624999999975,613.6462500000011,-146.47671130952378,554.0252937837479,1533.6675,-1341.1150000000002,-479.88812499999995,-175.99374999999998,213.81062499999982,-49.40130952380954,885.7110169912722,2611.3,-3542.2575,-62.884375000000006,0.0,0.0,0.1691781412697081,0.08295074639044606,0.38316852375174215,0.04165860665971492,0.09913231927520413,0.16285450188026035,0.21548489096891085,0.16480555989948828,0.08565848068013002,0.44437309582064694,0.0526285367759611,0.09604964451732967,0.14492780894245952,0.21090702150481527,7750.1235119047615,739.4378424955355,9387.0,6044.0,7206.5625,7718.125,8129.0625,2339.03125,1723.781692616621,6144.25,-159.25,1056.5625,1891.0,3129.75,6569.331249999999,2032.7043565416182,10448.19,2980.5625,4647.35375,6413.16375,8499.413125,0.7485107481711011,0.6631226582407953,False,3809002.0,3733226.0849999995,428.8433749999999,estimated_prev_week_da_mean,1.0,1.0,1.0,0.0,1.0,1.0,1.0,0.375,0.375,0.8,10.0,1.0,0.4,0.6,0.0,1.0,1.0,1.0,30.0,13.0,0.0,60.0,0.0,0.0,60.0,0.0,0.0,60.0,0.0,0.0,60.0,0.0,0.0
2026-02-16,406.02231547619044,151.51071502800897,507.39675,0.0,412.15774999999996,468.361625,487.49537499999997,354.29802083333334,186.77361115109767,692.113,0.0,261.4910625,451.98749999999995,489.062375,-43.73866666666666,121.59832990540559,300.101,-471.88975,-22.63756249999998,-8.0835,1.6476249999999908,22672.630952380954,5622.259130180598,34026.25,10213.25,18323.125,22507.75,27063.0625,22221.58383928571,6164.570693124516,33153.3975,11254.947499999998,17607.53875,21843.182500000003,27267.887499999997,-451.04711309523816,1396.3146816576032,3367.7699999999995,-4377.195,-1300.5212499999998,-559.4849999999997,636.5593750000003,-99.92159226190476,1195.5136379734602,1439.0149999999999,-4563.9974999999995,-276.99,118.91750000000002,599.703125,32.441919642857144,382.57566798478047,2186.1875,-1159.4925,-48.304374999999965,0.0,0.0,0.1624523678050703,0.10891420920782352,0.516270043161854,0.03370836578411531,0.08325723189088119,0.12627926607679266,0.21917290673397277,0.1656794373134892,0.09903546676934882,0.4636210190365683,0.033969379007874924,0.09280042040792527,0.13534222753727498,0.2233702473552261,6819.120535714285,1366.196570202272,9383.0,3845.0,6054.75,6683.25,7875.0,2694.8869047619046,2129.2553953316055,7198.25,-182.25,1260.0625,2162.75,3894.375,6225.727053571429,2318.336970557632,9782.662499999999,2020.3825000000002,4286.625,6789.25375,8190.448125,0.8229838658936564,0.5680647467311558,False,3008683.5,2997081.29,406.02231547619044,estimated_prev_week_da_mean,1.0,1.0,1.0,0.0,1.0,1.0,1.0,0.375,0.375,0.8,10.0,1.0,0.4,0.6,0.0,1.0,1.0,1.0,30.0,13.0,0.0,60.0,0.0,0.0,60.0,0.0,0.0,60.0,0.0,0.0,60.0,0.0,0.0
2026-02-23,353.7441607142857,158.66231949777693,578.169,0.0,391.7493125,424.084625,441.84087500000004,318.40558928571426,168.70602763149094,644.6247500000001,0.0,209.81175000000002,403.46112500000004,425.59862499999997,-35.33857142857143,101.30838788609252,268.4285,-384.86125,-34.85331250000001,-10.77512500000001,0.0,17908.83035714286,5560.803256690004,28349.25,5059.5,13879.875,18260.0,22790.8125,17839.769583333335,5110.161622676763,29305.1425,8841.317500000001,13355.855625,17480.964999999997,22008.371875,-69.06077380952385,1962.8017671213968,6134.375,-4364.7225,-1294.1606250000002,-343.6287499999996,978.0162499999996,-287.47251488095236,984.6050204466773,1217.9574999999998,-3932.85,-634.5231249999999,-56.05000000000001,294.875625,-65.71522321428567,864.5628648547919,2576.5125,-3405.8,-99.31062499999997,0.0,0.0,0.21289255280354874,0.16690260085183123,0.7725661575927497,0.03716659773416306,0.08342464306170877,0.15370407304934758,0.2688478006170181,0.19962333396992968,0.1328213996933329,0.586651078087927,0.039286652182112414,0.0949446262814895,0.16424038148616135,0.25299586323052015,4944.206845238095,849.7506251823446,7323.25,3659.5,4220.5,4901.25,5300.25,2394.6875,2024.4731936648507,7145.5,-83.5,1146.0625,1725.75,3182.3125,5936.986324404763,2170.430858955691,11183.470000000001,2434.9025,3858.073125,5479.38,7764.0875,0.8854560256532098,0.4647231720437686,False,3165512.25,3239692.0149999997,353.7441607142857,estimated_prev_week_da_mean,1.0,1.0,1.0,0.0,1.0,1.0,1.0,0.375,0.375,0.8,10.0,1.0,0.4,0.6,0.0,1.0,1.0,1.0,30.0,13.0,0.0,60.0,0.0,0.0,60.0,0.0,0.0,60.0,0.0,0.0,60.0,0.0,0.0
2026-03-02,391.8921130952381,162.92096283089123,575.74175,0.0,297.309,460.99125000000004,509.4045625,341.00192857142855,197.780802987169,571.49375,0.0,174.0679375,399.178125,534.161625,-50.890184523809545,150.91290917843588,375.86375,-455.76775,-135.0145,-14.593124999999993,11.23712500000002,18842.334821428572,4519.335863837893,29110.5,9550.75,14978.1875,19745.375,22243.0,19283.881041666664,4286.854606494394,26252.97,11377.692500000001,15359.263125,19600.283750000002,23052.884375,441.54622023809526,1153.2910966789532,2754.6700000000005,-4226.5625,4.914374999999836,605.75875,1128.803125,-336.3404613095238,979.5271061773677,1712.91,-3664.17,-659.048125,-161.12124999999997,266.700625,14.26596726190476,258.0521601376469,1392.3874999999998,-862.2149999999999,-12.88750000000002,0.0,0.0,0.2106210141590448,0.08643657866589488,0.4878622767508105,0.06577528261223617,0.1481111024651397,0.2011405512212932,0.2604869942380649,0.19225386280972542,0.07138852962278067,0.4220177223938536,0.0549532129491209,0.14845872081669745,0.18378214736903997,0.2213561579423089,6713.360119047619,935.0921553859125,8432.25,4979.0,6004.8125,6683.75,7301.8125,4298.1577380952385,2327.0779539989076,8392.25,273.25,2303.0,3881.25,6710.0,7084.413214285714,2451.0087177884557,11527.092499999999,3295.435,4973.9875,6814.64625,9376.7975,0.9350162426854148,0.35460488704253557,False,3578206.25,3547310.6725000003,391.8921130952381,estimated_prev_week_da_mean,1.0,1.0,1.0,0.0,1.0,1.0,1.0,0.375,0.375,0.8,10.0,1.0,0.4,0.6,0.0,1.0,1.0,1.0,30.0,13.0,0.0,60.0,0.0,0.0,60.0,0.0,0.0,60.0,0.0,0.0,60.0,0.0,0.0
2026-03-09,389.6273809523809,122.09987438559627,500.404,0.0,369.5870625,442.23587499999996,466.096375,364.9024523809524,137.07112290682062,588.1065,0.0,286.4959375,410.68287499999997,462.32331250000004,-24.724928571428574,114.00146015976676,403.44325000000003,-381.51425,-54.13825000000002,-1.3470000000000013,19.105750000000015,21298.846726190477,4128.755893260719,30690.25,12068.75,18262.625,21247.375,24462.4375,21114.94447916667,3943.2521297361855,30584.54,12516.085,18138.226875,20923.730000000003,23954.27,-183.9022470238095,990.1070344831832,2347.489999999999,-2749.7699999999995,-891.6618750000002,-178.70624999999927,536.8925000000002,206.37839285714284,501.9620140218327,1280.7549999999999,-1764.8200000000002,5.928749999999866,202.28500000000003,549.6375,-91.59221726190476,374.869367056675,1012.6925000000001,-1472.5975,-146.4912500000002,0.0,0.0,0.17349747757586811,0.09021235236150765,0.3578563995566806,0.022331950924771797,0.10269225460358081,0.14454184160222044,0.24822777983986252,0.1784914590895312,0.08940226609733402,0.3747787529026132,0.01658157414760306,0.1071164640771834,0.15903949895059044,0.24824357648753062,6924.867559523809,858.3568951598447,8241.5,4772.75,6399.5625,6991.375,7406.875,5550.989583333333,2032.5547848430842,9056.5,2095.25,3657.0625,5584.625,7204.8125,8795.851502976191,2720.7854087099086,15053.2775,4098.594999999999,6429.096875,9516.11125,10854.67125,0.970941817426052,0.23931566428755804,False,3112104.5,3145729.6325000003,389.6273809523809,estimated_prev_week_da_mean,1.0,1.0,1.0,0.0,1.0,1.0,1.0,0.375,0.375,0.8,10.0,1.0,0.4,0.6,0.0,1.0,1.0,1.0,30.0,13.0,0.0,60.0,0.0,0.0,60.0,0.0,0.0,60.0,0.0,0.0,60.0,0.0,0.0
2026-03-16,356.67325,181.3396728438132,576.5777499999999,0.0,248.8739375,452.23125,482.397,271.6806071428571,197.2156301251473,625.63425,0.0,74.2075,305.041625,454.1365625,-84.99264285714285,156.39365281985067,376.67675,-460.53975,-186.3339375,-42.35300000000003,0.0,18524.431547619046,5149.756044391117,29685.5,4962.75,15718.6875,18761.0,22230.1875,18724.581145833334,4263.846903746237,28531.940000000002,9188.3975,15425.733125,18403.49375,21816.0325,200.1495982142857,1442.2123163581305,4750.195,-2290.29,-749.7562499999999,-182.4000000000001,520.2693750000005,-93.92162202380952,653.6568500726397,1112.43,-2217.12,-338.059375,-21.314999999999998,354.71124999999995,-642.7056547619048,1163.5526941347102,808.7975000000001,-4426.275000000001,-1079.9962499999997,0.0,0.0,0.2560230259518138,0.17969865255425277,0.7802825057905707,0.030760018461190527,0.14466176637024714,0.19768567775050988,0.29187603678455576,0.2337078557687045,0.13535140600777207,0.6048397407024926,0.04026216166866202,0.13669761491223442,0.19802160768055685,0.2950376919652164,6955.337797619048,762.1222835635224,8316.0,5649.0,6293.6875,7110.5,7365.75,4748.7485119047615,2298.6656281444384,8904.25,747.0,3183.5625,4300.0,6158.5625,9210.121398809524,2826.72950103364,15090.0475,4701.4075,6934.191875,9559.71875,11079.164375,0.992708874098054,0.120536680255323,True,2584357.0,2626751.605,356.67325,estimated_prev_week_da_mean,1.0,1.0,1.0,0.0,1.0,1.0,1.0,0.375,0.375,0.8,10.0,1.0,0.4,0.6,0.0,1.0,1.0,1.0,30.0,13.0,0.0,60.0,0.0,0.0,60.0,0.0,0.0,60.0,0.0,0.0,60.0,0.0,0.0
